date,asset,anomaly_ensemble_score,isolation_forest_score,lof_score,robust_z_score,transparent_risk_score,weak_label_3d,weak_label_7d,event_ids_7d,event_type_list_7d,severity_list_7d,log_return,rolling_vol_7d,volume_z_30d,intraday_range_z_30d,drawdown_30d,stablecoin_peg_deviation,claim_boundary
2021-05-19,BTC,1.0,1.0,0.9890310786106032,0.987812309567337,99.93906154783669,0,0,,,,-0.1481070763518861,0.0565681499343873,2.8466154526301017,4.478238457004,-0.3707472023447685,0.0,"Anomaly top alerts are review candidates, not confirmed fraud cases."
2021-05-19,BNB,1.0,1.0,1.0,0.9981718464351006,99.84330112300862,0,0,,,,-0.4044500874670103,0.1515060673168919,1.795887468724866,4.893610078136581,-0.498248528870842,0.0,"Anomaly top alerts are review candidates, not confirmed fraud cases."
2023-03-11,USDC,1.0,1.0,1.0,1.0,100.0,1,1,E003,stablecoin_depeg,high,-0.0283928913003175,0.0106980744351061,4.247235213985159,5.294398995235628,-0.0287865702198393,0.0285000205039978,"Anomaly top alerts are review candidates, not confirmed fraud cases."
2023-07-05,ETH,1.0,0.9768433881779403,0.9993906154783668,1.0,7.921998781230958,0,0,,,,-0.0135401248702242,0.0189324986402665,-0.349035032039501,-0.5792130453019405,-0.0229116271961727,0.0,"Anomaly top alerts are review candidates, not confirmed fraud cases."
2022-11-09,SOL,1.0,1.0,0.9993906154783668,1.0,99.96517802733524,1,1,E002,exchange_failure,high,-0.5495821084962169,0.2209256968217488,2.4352872698357046,4.757991953704207,-0.6208195872887149,0.0,"Anomaly top alerts are review candidates, not confirmed fraud cases."
2023-03-11,USDT,0.9998476538695917,0.9986288848263254,0.9987812309567337,0.9992382693479586,98.9292243405589,1,1,E003,stablecoin_depeg,high,0.004618179100107,0.0019383354104316,1.9305533120565168,5.236116456733806,0.0,0.0076899528503417,"Anomaly top alerts are review candidates, not confirmed fraud cases."
2021-04-17,USDT,0.9998476538695917,0.996800731261426,1.0,0.9998476538695917,97.81492121528684,0,0,,,,0.0091218565348114,0.0037036553859939,1.7730205759071478,3.631510717450691,0.0,0.0115300416946411,"Anomaly top alerts are review candidates, not confirmed fraud cases."
2021-04-17,USDC,0.9993906154783668,0.9981718464351006,0.9993906154783668,0.9993906154783668,97.64081135196308,0,0,,,,0.0094089041535738,0.003927452990785,1.6089242459706476,3.687250581250917,0.0,0.0104960203170776,"Anomaly top alerts are review candidates, not confirmed fraud cases."
2022-05-09,BNB,0.9993906154783668,0.9993906154783668,0.9926873857404022,0.9963436928702011,99.91294506833812,0,0,,,,-0.1716304683028857,0.0682773640388222,2.2834324317660357,4.387996024974091,-0.2925369825264517,0.0,"Anomaly top alerts are review candidates, not confirmed fraud cases."
2023-08-17,BTC,0.9993906154783668,0.9975624619134674,0.9829372333942717,0.9908592321755028,99.2078001218769,0,0,,,,-0.0736241200960634,0.0270756098803733,2.6489166346716737,4.7812690559996245,-0.113679264759385,0.0,"Anomaly top alerts are review candidates, not confirmed fraud cases."
2024-03-05,ETH,0.9993906154783668,0.9896404631322364,0.9969530773918343,0.9859841560024375,89.03978410376948,0,0,,,,-0.0210070504160473,0.0256057907679019,2.404439848936401,4.419885785121643,-0.0207879393073031,0.0,"Anomaly top alerts are review candidates, not confirmed fraud cases."
2022-05-11,SOL,0.9993906154783668,0.9993906154783668,0.9969530773918343,0.9975624619134674,99.97388352050145,0,0,,,,-0.284965102911531,0.1106360078184529,2.7536052477033826,4.504107725731709,-0.5375768054443825,0.0,"Anomaly top alerts are review candidates, not confirmed fraud cases."
2021-04-17,USDT,0.9992382693479586,0.996800731261426,0.9996953077391835,0.9998476538695917,97.80621572212064,0,0,,,,0.0091218565348114,0.0037036553859939,1.7730205759071478,3.631510717450691,0.0,0.0115300416946411,"Anomaly top alerts are review candidates, not confirmed fraud cases."
2023-03-11,USDT,0.9992382693479586,0.9986288848263254,0.9984765386959171,0.9992382693479586,98.9205188473927,1,1,E003,stablecoin_depeg,high,0.004618179100107,0.0019383354104316,1.9305533120565168,5.236116456733806,0.0,0.0076899528503417,"Anomaly top alerts are review candidates, not confirmed fraud cases."
2021-05-19,SOL,0.9987812309567337,0.9975624619134674,0.9932967702620353,0.9993906154783668,99.81718464351006,0,0,,,,-0.4653547338509138,0.2051948364449388,2.132305702661152,4.836612177591474,-0.3720876760787523,0.0,"Anomaly top alerts are review candidates, not confirmed fraud cases."
2023-03-12,USDT,0.9987812309567337,0.9913162705667276,0.9981718464351006,0.9986288848263254,95.73430834856794,1,1,E003,stablecoin_depeg,high,-0.0005369876071648,0.0019972464665601,0.9698960286435916,1.6972124274478937,-0.0005368434551235,0.0071489810943603,"Anomaly top alerts are review candidates, not confirmed fraud cases."
2022-11-08,BNB,0.9987812309567337,0.9926873857404022,0.9975624619134674,0.9975624619134674,98.08479150343868,1,1,E002,exchange_failure,high,-0.028057239784923,0.0368075060686174,3.014276960487024,4.743055015653745,-0.0753826597829984,0.0,"Anomaly top alerts are review candidates, not confirmed fraud cases."
2023-03-12,USDC,0.9987812309567337,0.9993906154783668,0.9987812309567337,0.9987812309567337,99.88682858883956,1,1,E003,stablecoin_depeg,high,0.0209514196194405,0.0143550323474738,1.891513353292975,1.7405323555454009,-0.0082236107067468,0.0079309940338135,"Anomaly top alerts are review candidates, not confirmed fraud cases."
2022-06-13,BTC,0.9987812309567337,0.9993906154783668,0.9762340036563071,0.9865935405240707,99.66048576651868,0,0,,,,-0.1740525517766702,0.05868743935809,2.8090472311422787,4.381096070334634,-0.2926783777253529,0.0,"Anomaly top alerts are review candidates, not confirmed fraud cases."
2022-11-09,ETH,0.9987812309567337,0.9993906154783668,0.9616087751371115,0.9896404631322364,99.38190998520066,1,1,E002,exchange_failure,high,-0.1918441498664274,0.0956775408557966,1.9995941719953072,3.262136155194511,-0.3312417333594032,0.0,"Anomaly top alerts are review candidates, not confirmed fraud cases."
2023-03-12,USDT,0.9984765386959171,0.9913162705667276,0.997867154174284,0.9986288848263254,95.72560285540176,1,1,E003,stablecoin_depeg,high,-0.0005369876071648,0.0019972464665601,0.9698960286435916,1.6972124274478937,-0.0005368434551235,0.0071489810943603,"Anomaly top alerts are review candidates, not confirmed fraud cases."
2021-04-18,USDT,0.9981718464351006,0.9937538086532602,0.9993906154783668,0.9852224253503961,99.61695830068771,0,0,,,,-0.0113601322296096,0.0061251322359786,2.264746111750188,4.684188441835307,-0.0112958495775471,0.0001039505004885,"Anomaly top alerts are review candidates, not confirmed fraud cases."
2025-01-18,SOL,0.9981718464351006,0.9987812309567337,0.9914686166971359,0.9926873857404022,93.27935927570296,0,0,,,,0.1759411238795127,0.0680689538691653,3.5469863005017763,3.507517548320741,0.0,0.0,"Anomaly top alerts are review candidates, not confirmed fraud cases."
2021-04-04,USDC,0.9981718464351006,0.9939061547836685,0.9981718464351006,0.9804996953077392,61.225733437799256,0,0,,,,0.0001654637857395,0.0012212730228672,-1.6489816605946388,4.1757074411648665,0.0,0.0029569864273071,"Anomaly top alerts are review candidates, not confirmed fraud cases."
2025-02-03,BNB,0.9981718464351006,0.9908592321755028,0.9987812309567337,0.9908592321755028,91.56437712196396,0,0,,,,-0.0007772739806437,0.0264393376875458,2.9711002840348533,4.126305739942812,-0.1539337588723341,0.0,"Anomaly top alerts are review candidates, not confirmed fraud cases."
2023-07-06,ETH,0.9981718464351006,0.9664838513101767,0.9768433881779403,0.9993906154783668,89.84939496822494,0,0,,,,-0.0329627281387843,0.023600910426696,0.9804633732059108,1.6015457439615737,-0.0545940868048714,0.0,"Anomaly top alerts are review candidates, not confirmed fraud cases."
2021-07-26,BTC,0.9981718464351006,0.9945155393053017,0.9896404631322364,0.9768433881779403,91.2509793679812,0,0,,,,0.0546954286916125,0.0347996972876967,2.662788886828106,3.831372445366121,0.0,0.0,"Anomaly top alerts are review candidates, not confirmed fraud cases."
2021-04-18,USDT,0.997867154174284,0.9937538086532602,0.9990859232175503,0.9852224253503961,99.62566379385392,0,0,,,,-0.0113601322296096,0.0061251322359786,2.264746111750188,4.684188441835307,-0.0112958495775471,0.0001039505004885,"Anomaly top alerts are review candidates, not confirmed fraud cases."
2021-05-12,BTC,0.9975624619134674,0.987812309567337,0.9939061547836685,0.9652650822669104,99.00757377905458,0,0,,,,-0.1429671467730369,0.0581158723474513,0.8704974787251998,3.3558634357981387,-0.2260179610054448,0.0,"Anomaly top alerts are review candidates, not confirmed fraud cases."
2021-04-23,USDC,0.9975624619134674,0.9841560024375381,0.9926873857404022,0.9945155393053017,66.75372159832854,0,0,,,,-5.0008146450614344e-05,0.0057075821031611,2.3016079599072854,-0.6468543063051401,-0.0104087638343189,2.199411392200812e-05,"Anomaly top alerts are review candidates, not confirmed fraud cases."
2022-05-11,USDT,0.9975624619134674,0.9998476538695917,0.9963436928702011,0.9803473491773309,99.9912945068338,1,1,E001,stablecoin_depeg,high,-0.0039275271824075,0.0014698980181551,2.661228037617444,5.2883494176288615,-0.0045609899696827,0.0041279792785644,"Anomaly top alerts are review candidates, not confirmed fraud cases."
2023-04-19,ETH,0.9975624619134674,0.9859841560024375,0.9408897014015845,0.9829372333942717,97.29259162531557,0,0,,,,-0.0832633016202137,0.0443301258463572,1.614656520172561,3.000646068739695,-0.0866046743127,0.0,"Anomaly top alerts are review candidates, not confirmed fraud cases."
2022-11-08,SOL,0.9975624619134674,0.9981718464351006,0.979890310786106,0.9987812309567337,99.77365717767913,1,1,E002,exchange_failure,high,-0.2034138166526937,0.1085488431847031,3.334917829728622,4.567169321921082,-0.3430589927872434,0.0,"Anomaly top alerts are review candidates, not confirmed fraud cases."
2022-05-11,USDT,0.9972577696526508,0.9998476538695917,0.9960390006093846,0.9803473491773309,99.98258901366762,1,1,E001,stablecoin_depeg,high,-0.0039275271824075,0.0014698980181551,2.661228037617444,5.2883494176288615,-0.0045609899696827,0.0041279792785644,"Anomaly top alerts are review candidates, not confirmed fraud cases."
2023-06-05,BNB,0.9972577696526508,0.9963436928702011,0.9811090798293723,1.0,99.69530773918342,1,1,E004,regulatory_action,medium,-0.0972081277089254,0.0360849470093029,3.1436924270723225,4.950980856212945,-0.1390555494773427,0.0,"Anomaly top alerts are review candidates, not confirmed fraud cases."
2021-05-23,BNB,0.9972577696526508,0.9823278488726387,0.9963436928702011,0.9987812309567337,97.44929050230697,0,0,,,,-0.130180605384643,0.1691296933275818,0.5639250687909338,1.6826756277252666,-0.6108452371403114,0.0,"Anomaly top alerts are review candidates, not confirmed fraud cases."
2021-03-19,USDC,0.9969530773918343,0.9914686166971359,0.9957343083485679,0.9786715417428398,80.9175589797162,0,0,,,,0.001441508805634,0.0010794808146043,-0.9635729215612708,2.1094699931412553,0.0,0.002437949180603,"Anomaly top alerts are review candidates, not confirmed fraud cases."
2022-05-12,USDT,0.9969530773918343,0.9992382693479586,0.9975624619134674,0.9571907373552712,99.90423957517194,1,1,E001,stablecoin_depeg,high,0.0017426792257216,0.0017164457608397,2.050687145807687,5.251685977167206,-0.0027340781033746,0.00239098072052,"Anomaly top alerts are review candidates, not confirmed fraud cases."
2021-06-27,BTC,0.9969530773918343,0.9774527726995734,0.9981718464351006,0.9707495429616088,59.48463480456168,0,0,,,,0.0737472744793095,0.071883179999775,-0.6097582847623706,-0.2016444038590879,-0.1424686086288628,0.0,"Anomaly top alerts are review candidates, not confirmed fraud cases."
2024-08-05,SOL,0.9969530773918343,0.9939061547836685,0.9865935405240707,0.9957343083485679,99.31226603987116,0,0,,,,-0.0611626798393851,0.0262551983339988,3.6121834126775703,4.152716345531793,-0.2975982557618438,0.0,"Anomaly top alerts are review candidates, not confirmed fraud cases."
2023-03-11,ETH,0.9969530773918343,0.967702620353443,0.9847653869591713,0.9530773918342474,92.678680247236,1,1,E003,stablecoin_depeg,high,0.0367230502651745,0.0300608721287289,2.1818910137898686,0.1108041973890932,-0.129242779504191,0.0,"Anomaly top alerts are review candidates, not confirmed fraud cases."
2022-05-12,USDT,0.9966483851310177,0.9992382693479586,0.9972577696526508,0.9571907373552712,99.89553408200574,1,1,E001,stablecoin_depeg,high,0.0017426792257216,0.0017164457608397,2.050687145807687,5.251685977167206,-0.0027340781033746,0.00239098072052,"Anomaly top alerts are review candidates, not confirmed fraud cases."
2024-08-05,BNB,0.9963436928702011,0.9957343083485679,0.9865935405240707,0.9926873857404022,99.74754069818054,0,0,,,,-0.0674339144007571,0.0339873126367201,4.405220782524666,4.292596979732654,-0.2280036569300649,0.0,"Anomaly top alerts are review candidates, not confirmed fraud cases."
2022-10-25,ETH,0.9963436928702011,0.9963436928702011,0.9811090798293723,0.9116392443631932,87.46408984068947,0,0,,,,0.08318355022279,0.0351280535636395,2.4343843602779036,3.960066599769872,0.0,0.0,"Anomaly top alerts are review candidates, not confirmed fraud cases."
2024-05-01,BTC,0.9963436928702011,0.9634369287020109,0.9713589274832419,0.9993906154783668,96.709323583181,0,0,,,,-0.0400899234806573,0.023084350234537,1.21818288417833,0.8892458473711352,-0.1867526705198731,0.0,"Anomaly top alerts are review candidates, not confirmed fraud cases."
2021-04-18,USDC,0.9963436928702011,0.9987812309567337,0.9774527726995734,0.987812309567337,99.6343692870201,0,0,,,,-0.0103463142327043,0.0058762914291762,3.402063320675406,4.6594089372604905,-0.0102929752361042,9.500980377197266e-05,"Anomaly top alerts are review candidates, not confirmed fraud cases."
2025-01-19,SOL,0.9963436928702011,0.9926873857404022,0.9957343083485679,0.9835466179159049,95.70819186906938,0,0,,,,-0.044043615920863,0.07513292707686,3.400716561151061,3.296523887725504,-0.0430877800448156,0.0,"Anomaly top alerts are review candidates, not confirmed fraud cases."
2023-03-13,USDT,0.9963436928702011,0.9925350396099939,0.975624619134674,0.9791285801340646,99.4254374510316,1,1,E003,stablecoin_depeg,high,-0.0032610071193272,0.0025649143146439,2.0108723682417726,1.5584183020795246,-0.0037907914667206,0.0038700103759765,"Anomaly top alerts are review candidates, not confirmed fraud cases."
2023-03-13,USDT,0.9960390006093846,0.9925350396099939,0.9753199268738574,0.9791285801340646,99.4167319578654,1,1,E003,stablecoin_depeg,high,-0.0032610071193272,0.0025649143146439,2.0108723682417726,1.5584183020795246,-0.0037907914667206,0.0038700103759765,"Anomaly top alerts are review candidates, not confirmed fraud cases."
2022-01-22,SOL,0.9957343083485679,0.9963436928702011,0.9804996953077392,0.9890310786106032,99.86941760250718,0,0,,,,-0.1730052492333333,0.0663208066710289,2.2451105724058507,3.631710700148751,-0.5243534381777806,0.0,"Anomaly top alerts are review candidates, not confirmed fraud cases."
2021-05-29,BNB,0.9957343083485679,0.9792809262644728,0.9957343083485679,0.9932967702620353,62.54026290589362,0,0,,,,-0.0782459287494861,0.1413451216076502,-1.7118740445641152,0.0251601170318351,-0.5485284282205317,0.0,"Anomaly top alerts are review candidates, not confirmed fraud cases."
2022-11-10,ETH,0.9957343083485679,0.9865935405240707,0.8994515539305301,0.9957343083485679,98.49394968224952,1,1,E002,exchange_failure,high,0.1664878018308018,0.1249233921905679,1.2879965607104966,2.233700769826238,-0.2100967565644315,0.0,"Anomaly top alerts are review candidates, not confirmed fraud cases."
2021-04-19,USDC,0.9957343083485679,0.9762340036563071,0.992078001218769,0.9951249238269348,63.680682510664234,0,0,,,,-0.0001280268090363,0.0058030157214436,1.3314685576545209,-0.7383709112876053,-0.0104196761576352,3.3020973205566406e-05,"Anomaly top alerts are review candidates, not confirmed fraud cases."
2023-04-26,BTC,0.9957343083485679,0.9695307739183425,0.9993906154783668,0.9646556977452773,82.28432140680769,0,0,,,,0.0040579258685795,0.0218274168369497,2.284848405026541,3.465410857154489,-0.0676710096780778,0.0,"Anomaly top alerts are review candidates, not confirmed fraud cases."
2021-04-04,USDT,0.9957343083485679,0.9785191956124314,0.9926873857404022,0.9724253503960999,77.66170453556194,0,0,,,,0.0003159527090589,0.00117240246643,0.714012190828418,4.0820337348044005,0.0,0.0034019947052001,"Anomaly top alerts are review candidates, not confirmed fraud cases."
2021-04-04,USDT,0.9954296160877514,0.9785191956124314,0.9923826934795856,0.9724253503960999,77.65299904239575,0,0,,,,0.0003159527090589,0.00117240246643,0.714012190828418,4.0820337348044005,0.0,0.0034019947052001,"Anomaly top alerts are review candidates, not confirmed fraud cases."
2021-04-20,USDC,0.9951249238269348,0.9835466179159049,0.9884216940889702,0.9908592321755028,65.05615043092192,0,0,,,,8.702186853125671e-05,0.0057906873993249,1.234830720431514,-0.7124695732074317,-0.0103335572817343,5.4001808166503906e-05,"Anomaly top alerts are review candidates, not confirmed fraud cases."
2022-11-09,BTC,0.9951249238269348,0.9987812309567337,0.9482023156611822,0.9859841560024375,99.73012971184818,1,1,E002,exchange_failure,high,-0.1548895481701482,0.070243982136214,2.1558592146957043,3.702687413908257,-0.2538171056328967,0.0,"Anomaly top alerts are review candidates, not confirmed fraud cases."
2022-05-09,SOL,0.9951249238269348,0.9969530773918343,0.9744058500914077,0.9872029250457038,99.92165056150432,0,0,,,,-0.1730137997587535,0.0758348864198242,2.2522269450735997,3.4664472078382538,-0.4337902972797575,0.0,"Anomaly top alerts are review candidates, not confirmed fraud cases."
2023-03-10,USDT,0.9951249238269348,0.9961913467397928,0.9725776965265083,0.9657221206581352,98.72029250457038,1,1,E003,stablecoin_depeg,high,0.003056363966281,0.001162937757682,1.5261712602356523,4.377183390816884,0.0,0.0030469894409179,"Anomaly top alerts are review candidates, not confirmed fraud cases."
2023-04-26,ETH,0.9951249238269348,0.9323583180987203,0.9957343083485679,0.9506398537477148,83.10263776442936,0,0,,,,-0.0001014931659737,0.0212817313326415,1.7065269472907678,2.784973527267695,-0.1195476178850478,0.0,"Anomaly top alerts are review candidates, not confirmed fraud cases."
2022-11-09,BNB,0.9951249238269348,0.9939061547836685,0.9731870810481413,0.9993906154783668,99.66919125968488,1,1,E002,exchange_failure,high,-0.2053704946002081,0.0869800736445557,1.9045699603061612,3.476423651300757,-0.2470419836482454,0.0,"Anomaly top alerts are review candidates, not confirmed fraud cases."
2023-03-10,USDT,0.9948202315661182,0.9961913467397928,0.9722730042656916,0.9657221206581352,98.7115870114042,1,1,E003,stablecoin_depeg,high,0.003056363966281,0.001162937757682,1.5261712602356523,4.377183390816884,0.0,0.0030469894409179,"Anomaly top alerts are review candidates, not confirmed fraud cases."
2024-03-05,SOL,0.9945155393053017,0.9859841560024375,0.9725776965265083,0.9981718464351006,98.69417602507184,0,0,,,,-0.0578595654499798,0.0466314321733529,2.610664350194834,4.519420370835497,-0.0562175222017542,0.0,"Anomaly top alerts are review candidates, not confirmed fraud cases."
2022-06-13,BNB,0.9945155393053017,0.9975624619134674,0.9780621572212066,0.9865935405240707,99.80847915034389,0,0,,,,-0.140032466075084,0.0498081555051727,1.5012371510555866,3.926069627957887,-0.3220200596832392,0.0,"Anomaly top alerts are review candidates, not confirmed fraud cases."
2024-08-05,BTC,0.9945155393053017,0.9963436928702011,0.946983546617916,0.9884216940889702,99.73883520501435,0,0,,,,-0.0736319858212013,0.0305742089409728,3.539956139026128,4.567495999591928,-0.2089843810359251,0.0,"Anomaly top alerts are review candidates, not confirmed fraud cases."
2022-11-10,USDT,0.9945155393053017,0.9955819622181596,0.9811090798293723,0.9547531992687386,99.860712109341,0,0,,,,-0.0007663917515725,0.0005739496963446,1.5713010431474863,5.277570570814031,-0.0023905000224063,0.0021650195121764,"Anomaly top alerts are review candidates, not confirmed fraud cases."
2023-02-18,ETH,0.9945155393053017,0.9488117001828154,0.9378427787934186,0.9652650822669104,1.3667624270914946,0,0,,,,-0.0017503487323073,0.0336999743683333,-1.7193625434779918,-1.4912931739765034,-0.0017488177653378,0.0,"Anomaly top alerts are review candidates, not confirmed fraud cases."
2021-04-22,USDC,0.994210847044485,0.9786715417428398,0.9896404631322364,0.9926873857404022,66.1443370766954,0,0,,,,-0.0001059684747759,0.0057169579147739,2.0348053648751394,-0.6644207449490699,-0.0103592749734418,2.801418304443359e-05,"Anomaly top alerts are review candidates, not confirmed fraud cases."
2022-11-10,USDT,0.994210847044485,0.9955819622181596,0.9808043875685558,0.9547531992687386,99.8520066161748,0,0,,,,-0.0007663917515725,0.0005739496963446,1.5713010431474863,5.277570570814031,-0.0023905000224063,0.0021650195121764,"Anomaly top alerts are review candidates, not confirmed fraud cases."
2021-12-22,USDC,0.994210847044485,0.9902498476538696,0.9951249238269348,0.975624619134674,70.64507704361452,0,0,,,,-0.0019047442993131,0.0009716762685797,-1.5127475768896788,-1.773314864103186,-0.0034255024917344,0.0018370151519776,"Anomaly top alerts are review candidates, not confirmed fraud cases."
2024-10-25,USDT,0.9939061547836685,0.9949725776965265,0.9957343083485679,0.9389092017062767,99.32097153303737,0,0,,,,-0.0013455929571064,0.0005459873001249,1.2638824742866706,3.2106363896929104,-0.0020794584826961,0.0018370151519776,"Anomaly top alerts are review candidates, not confirmed fraud cases."
2022-01-21,BNB,0.9939061547836685,0.9945155393053017,0.9744058500914077,0.9859841560024375,99.67789675285104,0,0,,,,-0.1385591161888681,0.0514707570899949,1.0173734741210096,3.634322571463884,-0.3191509557383463,0.0,"Anomaly top alerts are review candidates, not confirmed fraud cases."
2022-11-08,BTC,0.9939061547836685,0.9969530773918343,0.943327239488117,0.9896404631322364,99.47767041002874,1,1,E002,exchange_failure,high,-0.1054286468114611,0.0457927200768418,2.7799196058271396,4.7320200023851715,-0.1288098328141871,0.0,"Anomaly top alerts are review candidates, not confirmed fraud cases."
2023-08-17,ETH,0.9939061547836685,1.0,0.992078001218769,0.8580134064594759,98.75511447723514,0,0,,,,-0.0691995736731216,0.025147652715183,3.0371769163848144,5.091838999606162,-0.1094808876432911,0.0,"Anomaly top alerts are review candidates, not confirmed fraud cases."
2025-02-24,SOL,0.9939061547836685,0.9896404631322364,0.9695307739183425,0.9963436928702011,99.2861495603726,0,0,,,,-0.1684378198337048,0.068304134458698,1.047218281237208,3.4782726271133,-0.4105469482922729,0.0,"Anomaly top alerts are review candidates, not confirmed fraud cases."
2024-10-25,USDT,0.993601462522852,0.9949725776965265,0.9954296160877514,0.9389092017062767,99.32967702620353,0,0,,,,-0.0013455929571064,0.0005459873001249,1.2638824742866706,3.2106363896929104,-0.0020794584826961,0.0018370151519776,"Anomaly top alerts are review candidates, not confirmed fraud cases."
2024-05-03,BTC,0.9932967702620353,0.9524680073126143,0.9750152346130408,1.0,89.62305214590407,0,0,,,,0.0617572064982478,0.0375243373819245,0.0963274683567809,0.8417998604291823,-0.1220348673230802,0.0,"Anomaly top alerts are review candidates, not confirmed fraud cases."
2021-04-18,SOL,0.9932967702620353,0.9914686166971359,0.9628275441803779,0.9951249238269348,91.45120571080352,0,0,,,,0.2522947046381176,0.1115683027705381,2.5708425586246184,4.12259455711139,0.0,0.0,"Anomaly top alerts are review candidates, not confirmed fraud cases."
2023-04-15,ETH,0.9932967702620353,0.9536867763558805,0.9884216940889702,0.8976234003656307,1.7323931400713852,0,0,,,,-0.0043721946356809,0.0223957581572339,-0.4787181880766012,-1.4811924824845146,-0.0043626505073766,0.0,"Anomaly top alerts are review candidates, not confirmed fraud cases."
2021-04-03,USDC,0.9932967702620353,0.9792809262644728,0.9975624619134674,0.9792809262644728,86.61965700356924,0,0,,,,0.0024372221175925,0.001221646427965,-0.1435095849250402,2.2839373718063403,0.0,0.0027910470962524,"Anomaly top alerts are review candidates, not confirmed fraud cases."
2021-04-03,USDT,0.9931444241316271,0.9821755027422303,0.9646556977452773,0.9663315051797684,97.7800992426221,0,0,,,,0.0025044148514841,0.0011818561319937,1.417573844537043,2.430081913458773,0.0,0.0030850172042848,"Anomaly top alerts are review candidates, not confirmed fraud cases."
2021-03-19,USDT,0.9931444241316271,0.988878732480195,0.9628275441803779,0.9614564290067033,81.2048402542004,0,0,,,,0.0017040468204807,0.0010948485885613,-1.119398784138976,2.76548886651933,0.0,0.0026320219039916,"Anomaly top alerts are review candidates, not confirmed fraud cases."
2021-05-21,BNB,0.9929920780012188,0.9841560024375381,0.9792809262644728,0.9896404631322364,99.23391660137548,0,0,,,,-0.1875616465900602,0.1736358206521432,0.8997074441387823,2.1904240883007255,-0.5170874460995476,0.0,"Anomaly top alerts are review candidates, not confirmed fraud cases."
2021-05-22,BNB,0.9929920780012188,0.9664838513101767,0.9914686166971359,0.9951249238269348,77.49630016540438,0,0,,,,-0.0856778715853643,0.1734452430195032,-0.7124058230983351,0.2448599210347421,-0.5567394625383274,0.0,"Anomaly top alerts are review candidates, not confirmed fraud cases."
2024-02-28,BTC,0.9926873857404022,0.9951249238269348,0.9512492382693479,0.9786715417428398,92.51327587707844,0,0,,,,0.0906952929770419,0.0378701601191388,2.8723949194294165,3.7803824908539294,0.0,0.0,"Anomaly top alerts are review candidates, not confirmed fraud cases."
2023-06-05,SOL,0.9926873857404022,0.992078001218769,0.9616087751371115,0.9939061547836685,99.27744406720642,0,0,,,,-0.0833017814317944,0.0424519859600685,2.163376489447274,3.957675642501418,-0.0809902182609517,0.0,"Anomaly top alerts are review candidates, not confirmed fraud cases."
2022-10-23,ETH,0.9926873857404022,0.9390615478366849,0.9524680073126143,0.9384521633150518,51.62357447549404,0,0,,,,0.0367124762446655,0.0198793410744757,-0.0478081001745624,0.9970589503918982,0.0,0.0,"Anomaly top alerts are review candidates, not confirmed fraud cases."
2021-05-13,USDC,0.9926873857404022,0.9634369287020109,0.9835466179159049,0.997867154174284,74.2404457212501,0,0,,,,-0.0002730596620135,0.0001279339092465,2.3153014246537342,-0.297656438620868,-0.0105611824475573,0.0001760125160216,"Anomaly top alerts are review candidates, not confirmed fraud cases."
2021-03-19,USDT,0.9925350396099939,0.988878732480195,0.9625228519195612,0.9614564290067033,81.19613476103422,0,0,,,,0.0017040468204807,0.0010948485885613,-1.119398784138976,2.76548886651933,0.0,0.0026320219039916,"Anomaly top alerts are review candidates, not confirmed fraud cases."
2021-04-03,USDT,0.9925350396099939,0.9821755027422303,0.9643510054844607,0.9663315051797684,97.77139374945592,0,0,,,,0.0025044148514841,0.0011818561319937,1.417573844537043,2.430081913458773,0.0,0.0030850172042848,"Anomaly top alerts are review candidates, not confirmed fraud cases."
2023-06-10,SOL,0.992078001218769,0.9890310786106032,0.95551492992078,0.9969530773918343,99.76495168451292,0,0,,,,-0.1044421458509519,0.0600328644991745,3.261669162313269,4.245437935195577,-0.2824547942829654,0.0,"Anomaly top alerts are review candidates, not confirmed fraud cases."
2023-03-10,ETH,0.992078001218769,0.9396709323583181,0.9914686166971359,0.8781230956733699,78.87176808566205,1,1,E003,stablecoin_depeg,high,-0.0066271412740412,0.0233257559114907,1.801509184564805,0.2873594926896667,-0.1606396184772138,0.0,"Anomaly top alerts are review candidates, not confirmed fraud cases."
2023-01-12,BTC,0.992078001218769,0.9939061547836685,0.9609993906154783,0.9597806215722121,92.56550883607557,0,0,,,,0.0508031804901865,0.0175301338710906,2.5723814179912905,2.763730975675925,0.0,0.0,"Anomaly top alerts are review candidates, not confirmed fraud cases."
2023-03-15,USDT,0.992078001218769,0.9535344302254722,0.9774527726995734,0.9797379646556977,92.79185165839644,0,1,E003,stablecoin_depeg,high,0.0006964194310828,0.0025901919760255,1.313448607760894,0.3651006179699433,-0.0037154346397233,0.0039459466934204,"Anomaly top alerts are review candidates, not confirmed fraud cases."
2021-04-29,USDC,0.992078001218769,0.9701401584399756,0.9841560024375381,0.9847653869591713,44.667885435709934,0,0,,,,-5.494606020594854e-05,0.0001519936944483,-0.0990187407150575,-0.5679957626163047,-0.0102444891292616,0.0001440048217771,"Anomaly top alerts are review candidates, not confirmed fraud cases."
2023-08-17,BNB,0.9917733089579525,0.9969530773918343,0.9603900060938452,0.9939061547836685,99.5734308348568,0,0,,,,-0.0592214107032376,0.0216643530957997,1.917712319917867,4.176482509434898,-0.1170448067256172,0.0,"Anomaly top alerts are review candidates, not confirmed fraud cases."
2022-05-11,BNB,0.9917733089579525,0.9987812309567337,0.9768433881779403,0.975624619134674,99.9303560546705,0,0,,,,-0.1679314923067618,0.0864933245893027,2.592455883061618,3.407524650143364,-0.3619864625853823,0.0,"Anomaly top alerts are review candidates, not confirmed fraud cases."
2023-03-15,USDT,0.9917733089579525,0.9535344302254722,0.9771480804387569,0.9797379646556977,92.78314616523026,0,1,E003,stablecoin_depeg,high,0.0006964194310828,0.0025901919760255,1.313448607760894,0.3651006179699433,-0.0037154346397233,0.0039459466934204,"Anomaly top alerts are review candidates, not confirmed fraud cases."
2023-02-16,ETH,0.9914686166971359,0.9122486288848263,0.91102985984156,0.9823278488726387,74.47549403673717,0,0,,,,-0.0203267343239499,0.0346389913397597,2.073532210790461,0.9981374341595176,-0.0201215389290912,0.0,"Anomaly top alerts are review candidates, not confirmed fraud cases."
