source_layer,dataset,scope,file_path,file_status,n_rows,n_columns,start_date,end_date,missing_ratio,notes
Coin Metrics,asset_metrics,BTC:AdrActCnt,projects/topic2_blockchain_risk/data/raw/coinmetrics_asset_metrics.csv,available,1642,5,2021-01-01,2025-06-30,0.0,Downloaded from Coin Metrics community API.
Coin Metrics,asset_metrics,BTC:TxCnt,projects/topic2_blockchain_risk/data/raw/coinmetrics_asset_metrics.csv,available,1642,5,2021-01-01,2025-06-30,0.0,Downloaded from Coin Metrics community API.
Coin Metrics,asset_metrics,BTC:CapMrktCurUSD,projects/topic2_blockchain_risk/data/raw/coinmetrics_asset_metrics.csv,available,1642,5,2021-01-01,2025-06-30,0.0,Downloaded from Coin Metrics community API.
Coin Metrics,asset_metrics,BTC:SplyCur,projects/topic2_blockchain_risk/data/raw/coinmetrics_asset_metrics.csv,available,1642,5,2021-01-01,2025-06-30,0.0,Downloaded from Coin Metrics community API.
Coin Metrics,asset_metrics,ETH:AdrActCnt,projects/topic2_blockchain_risk/data/raw/coinmetrics_asset_metrics.csv,available,1642,5,2021-01-01,2025-06-30,0.0,Downloaded from Coin Metrics community API.
Coin Metrics,asset_metrics,ETH:TxCnt,projects/topic2_blockchain_risk/data/raw/coinmetrics_asset_metrics.csv,available,1642,5,2021-01-01,2025-06-30,0.0,Downloaded from Coin Metrics community API.
Coin Metrics,asset_metrics,ETH:CapMrktCurUSD,projects/topic2_blockchain_risk/data/raw/coinmetrics_asset_metrics.csv,available,1642,5,2021-01-01,2025-06-30,0.0,Downloaded from Coin Metrics community API.
Coin Metrics,asset_metrics,ETH:SplyCur,projects/topic2_blockchain_risk/data/raw/coinmetrics_asset_metrics.csv,available,1642,5,2021-01-01,2025-06-30,0.0,Downloaded from Coin Metrics community API.
Coin Metrics,asset_metrics,BNB:AdrActCnt,projects/topic2_blockchain_risk/data/raw/coinmetrics_asset_metrics.csv,missing_or_empty,0,0,,,,No rows returned by Coin Metrics community API.
Coin Metrics,asset_metrics,BNB:TxCnt,projects/topic2_blockchain_risk/data/raw/coinmetrics_asset_metrics.csv,missing_or_empty,0,0,,,,No rows returned by Coin Metrics community API.
Coin Metrics,asset_metrics,BNB:CapMrktCurUSD,projects/topic2_blockchain_risk/data/raw/coinmetrics_asset_metrics.csv,missing_or_empty,0,0,,,,No rows returned by Coin Metrics community API.
Coin Metrics,asset_metrics,BNB:SplyCur,projects/topic2_blockchain_risk/data/raw/coinmetrics_asset_metrics.csv,missing_or_empty,0,0,,,,No rows returned by Coin Metrics community API.
Coin Metrics,asset_metrics,SOL:AdrActCnt,projects/topic2_blockchain_risk/data/raw/coinmetrics_asset_metrics.csv,download_failed,0,0,,,,HTTPError: 403 Client Error: Forbidden for url: https://community-api.coinmetrics.io/v4/timeseries/asset-metrics?assets=sol&metrics=AdrActCnt&frequency=1d&start_time=2021-01-01&end_time=2025-06-30&page_size=10000
Coin Metrics,asset_metrics,SOL:TxCnt,projects/topic2_blockchain_risk/data/raw/coinmetrics_asset_metrics.csv,download_failed,0,0,,,,HTTPError: 403 Client Error: Forbidden for url: https://community-api.coinmetrics.io/v4/timeseries/asset-metrics?assets=sol&metrics=TxCnt&frequency=1d&start_time=2021-01-01&end_time=2025-06-30&page_size=10000
Coin Metrics,asset_metrics,SOL:CapMrktCurUSD,projects/topic2_blockchain_risk/data/raw/coinmetrics_asset_metrics.csv,download_failed,0,0,,,,HTTPError: 403 Client Error: Forbidden for url: https://community-api.coinmetrics.io/v4/timeseries/asset-metrics?assets=sol&metrics=CapMrktCurUSD&frequency=1d&start_time=2021-01-01&end_time=2025-06-30&page_size=10000
Coin Metrics,asset_metrics,SOL:SplyCur,projects/topic2_blockchain_risk/data/raw/coinmetrics_asset_metrics.csv,download_failed,0,0,,,,HTTPError: 403 Client Error: Forbidden for url: https://community-api.coinmetrics.io/v4/timeseries/asset-metrics?assets=sol&metrics=SplyCur&frequency=1d&start_time=2021-01-01&end_time=2025-06-30&page_size=10000
Coin Metrics,asset_metrics,USDC:AdrActCnt,projects/topic2_blockchain_risk/data/raw/coinmetrics_asset_metrics.csv,available,1642,5,2021-01-01,2025-06-30,0.0,Downloaded from Coin Metrics community API.
Coin Metrics,asset_metrics,USDC:TxCnt,projects/topic2_blockchain_risk/data/raw/coinmetrics_asset_metrics.csv,available,1642,5,2021-01-01,2025-06-30,0.0,Downloaded from Coin Metrics community API.
Coin Metrics,asset_metrics,USDC:CapMrktCurUSD,projects/topic2_blockchain_risk/data/raw/coinmetrics_asset_metrics.csv,available,1642,5,2021-01-01,2025-06-30,0.0,Downloaded from Coin Metrics community API.
Coin Metrics,asset_metrics,USDC:SplyCur,projects/topic2_blockchain_risk/data/raw/coinmetrics_asset_metrics.csv,available,1642,5,2021-01-01,2025-06-30,0.0,Downloaded from Coin Metrics community API.
Coin Metrics,asset_metrics,USDT:AdrActCnt,projects/topic2_blockchain_risk/data/raw/coinmetrics_asset_metrics.csv,available,1642,5,2021-01-01,2025-06-30,0.0,Downloaded from Coin Metrics community API.
Coin Metrics,asset_metrics,USDT:TxCnt,projects/topic2_blockchain_risk/data/raw/coinmetrics_asset_metrics.csv,available,1642,5,2021-01-01,2025-06-30,0.0,Downloaded from Coin Metrics community API.
Coin Metrics,asset_metrics,USDT:CapMrktCurUSD,projects/topic2_blockchain_risk/data/raw/coinmetrics_asset_metrics.csv,available,1642,5,2021-01-01,2025-06-30,0.0,Downloaded from Coin Metrics community API.
Coin Metrics,asset_metrics,USDT:SplyCur,projects/topic2_blockchain_risk/data/raw/coinmetrics_asset_metrics.csv,available,1642,5,2021-01-01,2025-06-30,0.0,Downloaded from Coin Metrics community API.
DeFiLlama,stablecoin_chains,all_chains_current,projects/topic2_blockchain_risk/data/raw/defillama_stablecoin_chains.csv,available,207,2,,,0.0,Current stablecoin market-cap context by chain.
DeFiLlama,dex_volume_daily,all_chains,projects/topic2_blockchain_risk/data/raw/defillama_dex_volume_daily.csv,available,4564,2,2014-02-17,2026-08-16,0.0,Daily aggregate DEX volume context.
DeFiLlama,chain_tvl,Ethereum,projects/topic2_blockchain_risk/data/raw/defillama_chain_tvl.csv,available,3246,3,2017-09-27,2026-08-16,0.0,Historical chain TVL context.
DeFiLlama,chain_tvl,Solana,projects/topic2_blockchain_risk/data/raw/defillama_chain_tvl.csv,available,1979,3,2021-03-17,2026-08-16,0.0,Historical chain TVL context.
DeFiLlama,chain_tvl,BSC,projects/topic2_blockchain_risk/data/raw/defillama_chain_tvl.csv,available,2117,3,2020-10-30,2026-08-16,0.0,Historical chain TVL context.
DeFiLlama,chain_tvl,Bitcoin,projects/topic2_blockchain_risk/data/raw/defillama_chain_tvl.csv,available,1976,3,2021-03-20,2026-08-16,0.0,Historical chain TVL context.
