date,asset,transparent_risk_score,weak_label_3d,weak_label_7d,event_ids_7d,event_type_list_7d,severity_list_7d,log_return,rolling_vol_7d,volume_z_30d,intraday_range_z_30d,drawdown_30d,stablecoin_peg_deviation,dex_volume_z_30d,chain_tvl_z_30d,claim_boundary
2023-03-11,USDC,100.0,1,1,E003,stablecoin_depeg,high,-0.0283928913003175,0.0106980744351061,4.247235213985159,5.294398995235628,-0.0287865702198393,0.0285000205039978,2.488102934671,-2.1539885627355755,"Top alerts are review candidates, not confirmed fraud cases."
2022-05-11,USDT,99.99129450683381,1,1,E001,stablecoin_depeg,high,-0.0039275271824075,0.0014698980181551,2.661228037617444,5.2883494176288615,-0.0045609899696827,0.0041279792785644,3.274289373971136,-2.802849274306976,"Top alerts are review candidates, not confirmed fraud cases."
2022-05-11,USDT,99.98258901366762,1,1,E001,stablecoin_depeg,high,-0.0039275271824075,0.0014698980181551,2.661228037617444,5.2883494176288615,-0.0045609899696827,0.0041279792785644,3.274289373971136,-2.802849274297959,"Top alerts are review candidates, not confirmed fraud cases."
2022-05-11,SOL,99.97388352050145,0,0,,,,-0.284965102911531,0.1106360078184529,2.7536052477033826,4.504107725731709,-0.5375768054443825,0.0,3.274289373971136,-2.8338159794462876,"Top alerts are review candidates, not confirmed fraud cases."
2022-11-09,SOL,99.96517802733524,1,1,E002,exchange_failure,high,-0.5495821084962169,0.2209256968217488,2.4352872698357046,4.757991953704207,-0.6208195872887149,0.0,2.927581869113105,-3.6393797190895056,"Top alerts are review candidates, not confirmed fraud cases."
2022-11-09,USDT,99.95647253416907,0,0,,,,-0.0014329223828259,0.0005455748761079,2.2017089993849397,5.066891053910359,-0.0016256472793532,0.0013999938964843,2.927581869113105,-2.59659270416137,"Top alerts are review candidates, not confirmed fraud cases."
2022-11-09,USDT,99.94776704100288,0,0,,,,-0.0014329223828259,0.0005455748761079,2.2017089993849397,5.066891053910359,-0.0016256472793532,0.0013999938964843,2.927581869113105,-2.5965927041322785,"Top alerts are review candidates, not confirmed fraud cases."
2021-05-19,BTC,99.93906154783669,0,0,,,,-0.1481070763518861,0.0565681499343873,2.8466154526301017,4.478238457004,-0.3707472023447685,0.0,3.3847732494386524,-3.1468791081088012,"Top alerts are review candidates, not confirmed fraud cases."
2022-05-11,BNB,99.9303560546705,0,0,,,,-0.1679314923067618,0.0864933245893027,2.592455883061618,3.407524650143364,-0.3619864625853823,0.0,3.274289373971136,-3.0804902909611087,"Top alerts are review candidates, not confirmed fraud cases."
2022-05-09,SOL,99.92165056150431,0,0,,,,-0.1730137997587535,0.0758348864198242,2.2522269450735997,3.4664472078382538,-0.4337902972797575,0.0,3.1011496912250793,-2.3553856490949103,"Top alerts are review candidates, not confirmed fraud cases."
2022-05-09,BNB,99.91294506833812,0,0,,,,-0.1716304683028857,0.0682773640388222,2.2834324317660357,4.387996024974091,-0.2925369825264517,0.0,3.1011496912250793,-3.134223434703873,"Top alerts are review candidates, not confirmed fraud cases."
2022-05-12,USDT,99.90423957517194,1,1,E001,stablecoin_depeg,high,0.0017426792257216,0.0017164457608397,2.050687145807687,5.251685977167206,-0.0027340781033746,0.00239098072052,2.5973990779141833,-3.609884400097608,"Top alerts are review candidates, not confirmed fraud cases."
2022-05-12,USDT,99.89553408200574,1,1,E001,stablecoin_depeg,high,0.0017426792257216,0.0017164457608397,2.050687145807687,5.251685977167206,-0.0027340781033746,0.00239098072052,2.5973990779141833,-3.6098844000913153,"Top alerts are review candidates, not confirmed fraud cases."
2023-03-12,USDC,99.88682858883956,1,1,E003,stablecoin_depeg,high,0.0209514196194405,0.0143550323474738,1.891513353292975,1.7405323555454009,-0.0082236107067468,0.0079309940338135,2.5017076595794925,-2.4210787240925464,"Top alerts are review candidates, not confirmed fraud cases."
2022-05-09,BTC,99.87812309567336,1,1,E001,stablecoin_depeg,high,-0.1170549632581519,0.0536580530762322,2.6325689120126095,3.2612181520249326,-0.2821932179835493,0.0,3.1011496912250793,-2.5161096085032635,"Top alerts are review candidates, not confirmed fraud cases."
2022-01-22,SOL,99.86941760250718,0,0,,,,-0.1730052492333333,0.0663208066710289,2.2451105724058507,3.631710700148751,-0.5243534381777806,0.0,2.468945022682591,-1.844845410947493,"Top alerts are review candidates, not confirmed fraud cases."
2022-11-10,USDT,99.860712109341,0,0,,,,-0.0007663917515725,0.0005739496963446,1.5713010431474863,5.277570570814031,-0.0023905000224063,0.0021650195121764,2.582073474604977,-3.8796535655799858,"Top alerts are review candidates, not confirmed fraud cases."
2022-11-10,USDT,99.8520066161748,0,0,,,,-0.0007663917515725,0.0005739496963446,1.5713010431474863,5.277570570814031,-0.0023905000224063,0.0021650195121764,2.582073474604977,-3.879653565559772,"Top alerts are review candidates, not confirmed fraud cases."
2021-05-19,BNB,99.84330112300862,0,0,,,,-0.4044500874670103,0.1515060673168919,1.795887468724866,4.893610078136581,-0.498248528870842,0.0,3.3847732494386524,-1.6248832114051963,"Top alerts are review candidates, not confirmed fraud cases."
2022-06-13,USDT,99.83459562984243,0,0,,,,-0.0004865821810005,0.0002019724198404,2.6835891298823595,4.599644238721725,-0.0008205215064843,0.0014060139656068,2.985161426687413,-3.3307345384927394,"Top alerts are review candidates, not confirmed fraud cases."
2022-06-13,USDT,99.82589013667624,0,0,,,,-0.0004865821810005,0.0002019724198404,2.6835891298823595,4.599644238721725,-0.0008205215064843,0.0014060139656068,2.985161426687413,-3.330734538470226,"Top alerts are review candidates, not confirmed fraud cases."
2021-05-19,SOL,99.81718464351006,0,0,,,,-0.4653547338509138,0.2051948364449388,2.132305702661152,4.836612177591474,-0.3720876760787523,0.0,3.3847732494386524,-1.4851461456003157,"Top alerts are review candidates, not confirmed fraud cases."
2022-06-13,BNB,99.80847915034387,0,0,,,,-0.140032466075084,0.0498081555051727,1.5012371510555866,3.926069627957887,-0.3220200596832392,0.0,2.985161426687413,-2.3704816405105205,"Top alerts are review candidates, not confirmed fraud cases."
2021-12-04,BTC,99.79977365717768,0,0,,,,-0.0856084308551636,0.0423581186405862,2.7354764005767347,4.347013773049169,-0.2718216247479058,0.0,2.5173805223796655,-1.750654367070718,"Top alerts are review candidates, not confirmed fraud cases."
2023-06-10,BNB,99.79106816401149,0,1,E004,regulatory_action,medium,-0.0865958510066464,0.0503516711763384,2.5591368324763706,3.009060602514035,-0.239224097958429,0.0,2.5000864407569785,-2.3616542413696355,"Top alerts are review candidates, not confirmed fraud cases."
2022-06-15,SOL,99.7823626708453,0,0,,,,0.1489706119600873,0.0952885754601392,1.829424563378804,2.759192102791275,-0.3962789663402145,0.0,1.8353893250032012,-2.7472224050944893,"Top alerts are review candidates, not confirmed fraud cases."
2022-11-08,SOL,99.77365717767913,1,1,E002,exchange_failure,high,-0.2034138166526937,0.1085488431847031,3.334917829728622,4.567169321921082,-0.3430589927872434,0.0,3.146989869478346,-1.049962510954104,"Top alerts are review candidates, not confirmed fraud cases."
2023-06-10,SOL,99.76495168451292,0,0,,,,-0.1044421458509519,0.0600328644991745,3.261669162313269,4.245437935195577,-0.2824547942829654,0.0,2.5000864407569785,-1.4258718090686893,"Top alerts are review candidates, not confirmed fraud cases."
2022-05-11,BTC,99.75624619134675,1,1,E001,stablecoin_depeg,high,-0.0696270636865197,0.0477933054854851,2.3662781876531844,2.7431096203378713,-0.3027846234586865,0.0,3.274289373971136,-2.725060037280891,"Top alerts are review candidates, not confirmed fraud cases."
2024-08-05,BNB,99.74754069818054,0,0,,,,-0.0674339144007571,0.0339873126367201,4.405220782524666,4.292596979732654,-0.2280036569300649,0.0,4.169908207502609,-1.9708725160910083,"Top alerts are review candidates, not confirmed fraud cases."
2024-08-05,BTC,99.73883520501437,0,0,,,,-0.0736319858212013,0.0305742089409728,3.539956139026128,4.567495999591928,-0.2089843810359251,0.0,4.169908207502609,-1.6321660794914654,"Top alerts are review candidates, not confirmed fraud cases."
2022-11-09,BTC,99.73012971184818,1,1,E002,exchange_failure,high,-0.1548895481701482,0.070243982136214,2.1558592146957043,3.702687413908257,-0.2538171056328967,0.0,2.927581869113105,-1.2935624770599063,"Top alerts are review candidates, not confirmed fraud cases."
2022-01-21,SOL,99.72142421868199,0,0,,,,-0.1276064305684263,0.0507517692287116,2.3133087204436404,3.0705718592300126,-0.4345169563051548,0.0,3.25450661432458,-1.059064907810772,"Top alerts are review candidates, not confirmed fraud cases."
2023-03-10,USDC,99.7127187255158,1,1,E003,stablecoin_depeg,high,-0.0005291269603334,0.0002340977948746,2.7173723634950093,3.753152448375304,-0.0008158064936313,0.0005210041999815,2.914281026037824,-2.2683330686966587,"Top alerts are review candidates, not confirmed fraud cases."
2022-05-12,SOL,99.70401323234961,0,0,,,,-0.1166248153864071,0.1111852992460885,2.463445406763916,2.548336980200587,-0.5884808064381948,0.0,2.5973990779141833,-3.359870171879337,"Top alerts are review candidates, not confirmed fraud cases."
2023-06-05,BNB,99.69530773918342,1,1,E004,regulatory_action,medium,-0.0972081277089254,0.0360849470093029,3.1436924270723225,4.950980856212945,-0.1390555494773427,0.0,1.594708945631983,-2.328248177702956,"Top alerts are review candidates, not confirmed fraud cases."
2023-06-07,BNB,99.68660224601724,1,1,E004,regulatory_action,medium,-0.0817784212145902,0.0456605829418695,2.6725332758958036,3.077397802765769,-0.1754289889653488,0.0,1.0860447920184837,-2.619459767521614,"Top alerts are review candidates, not confirmed fraud cases."
2022-01-21,BNB,99.67789675285104,0,0,,,,-0.1385591161888681,0.0514707570899949,1.0173734741210096,3.634322571463884,-0.3191509557383463,0.0,3.25450661432458,-2.051173927793082,"Top alerts are review candidates, not confirmed fraud cases."
2022-11-09,BNB,99.66919125968487,1,1,E002,exchange_failure,high,-0.2053704946002081,0.0869800736445557,1.9045699603061612,3.476423651300757,-0.2470419836482454,0.0,2.927581869113105,1.0048031539915605,"Top alerts are review candidates, not confirmed fraud cases."
2022-06-13,BTC,99.66048576651868,0,0,,,,-0.1740525517766702,0.05868743935809,2.8090472311422787,4.381096070334634,-0.2926783777253529,0.0,2.985161426687413,-0.3523267772738092,"Top alerts are review candidates, not confirmed fraud cases."
2022-11-10,SOL,99.65178027335249,1,1,E002,exchange_failure,high,0.2376898115608283,0.2565119347500753,1.9866718931778256,1.1984567158835742,-0.5190795237646614,0.0,2.582073474604977,-4.457720841324681,"Top alerts are review candidates, not confirmed fraud cases."
2022-01-21,BTC,99.6430747801863,0,0,,,,-0.1096046829154406,0.0394256513017463,1.2664196582618643,3.93837227692635,-0.2826497127469989,0.0,3.25450661432458,-1.371295509057522,"Top alerts are review candidates, not confirmed fraud cases."
2021-04-18,USDC,99.6343692870201,0,0,,,,-0.0103463142327043,0.0058762914291762,3.402063320675406,4.6594089372604905,-0.0102929752361042,9.500980377197266e-05,2.0262742144307273,1.4667984611750946,"Top alerts are review candidates, not confirmed fraud cases."
2021-04-18,USDT,99.62566379385393,0,0,,,,-0.0113601322296096,0.0061251322359786,2.264746111750188,4.684188441835307,-0.0112958495775471,0.0001039505004885,2.0262742144307273,1.4667984611759994,"Top alerts are review candidates, not confirmed fraud cases."
2021-04-18,USDT,99.61695830068773,0,0,,,,-0.0113601322296096,0.0061251322359786,2.264746111750188,4.684188441835307,-0.0112958495775471,0.0001039505004885,2.0262742144307273,1.4667984611750946,"Top alerts are review candidates, not confirmed fraud cases."
2022-12-28,SOL,99.60825280752155,0,0,,,,-0.1277587906012884,0.0440904513287083,2.0158817162963794,3.18843081256294,-0.3172366590023994,0.0,0.0837372861819707,-1.8846290622361632,"Top alerts are review candidates, not confirmed fraud cases."
2021-04-05,USDT,99.59954731435536,0,0,,,,-0.003142218277616,0.0017549165133277,2.4118061170975413,1.2486311784515522,-0.0031372866765053,0.0002540349960327,1.3567929985094436,2.668034910823823,"Top alerts are review candidates, not confirmed fraud cases."
2021-04-05,USDT,99.59084182118917,0,0,,,,-0.003142218277616,0.0017549165133277,2.4118061170975413,1.2486311784515522,-0.0031372866765053,0.0002540349960327,1.3567929985094436,2.6680349108195145,"Top alerts are review candidates, not confirmed fraud cases."
2022-06-13,ETH,99.58213632802298,0,0,,,,-0.1821259210514076,0.0614185095829937,2.721497953992876,3.884739507862645,-0.4386079351994552,0.0,2.985161426687413,,"Top alerts are review candidates, not confirmed fraud cases."
2023-08-17,BNB,99.5734308348568,0,0,,,,-0.0592214107032376,0.0216643530957997,1.917712319917867,4.176482509434898,-0.1170448067256172,0.0,3.161059591409465,-2.506688538100399,"Top alerts are review candidates, not confirmed fraud cases."
2021-05-19,ETH,99.5647253416906,0,0,,,,-0.3174590304840619,0.1325359006990281,2.162798813052752,4.945660362792582,-0.4097252122986823,0.0,3.3847732494386524,,"Top alerts are review candidates, not confirmed fraud cases."
2022-01-21,ETH,99.55601984852443,0,0,,,,-0.1597866123370455,0.057112140436036,2.3013873994945975,4.180921300254841,-0.3773315697588175,0.0,3.25450661432458,,"Top alerts are review candidates, not confirmed fraud cases."
2022-01-05,BNB,99.54731435535822,0,0,,,,-0.0660740547301133,0.0320814286798648,2.0552498185977206,2.5566789940418606,-0.2181326596214891,0.0,1.4598630205902032,-1.7888807506852638,"Top alerts are review candidates, not confirmed fraud cases."
2024-08-05,ETH,99.53860886219205,0,0,,,,-0.1055891561296604,0.038480074412461,3.6619253702837433,4.566498768187089,-0.3165179661155481,0.0,4.169908207502609,,"Top alerts are review candidates, not confirmed fraud cases."
2022-05-10,BNB,99.52990336902585,0,0,,,,0.0646056379156867,0.0785640795158907,2.301379952304524,2.1511373818684474,-0.2453221315142469,0.0,2.7167419437225964,-3.155945310877226,"Top alerts are review candidates, not confirmed fraud cases."
2022-01-24,SOL,99.52119787585967,0,0,,,,-0.0829647689014798,0.0782954625087355,2.274526010246671,2.1813855637189765,-0.5371221074683328,0.0,1.4888472646512727,-2.059955064291483,"Top alerts are review candidates, not confirmed fraud cases."
2025-04-09,SOL,99.51249238269348,0,0,,,,0.1207804051022094,0.0755407095203531,1.80907509013672,2.1912930956256225,-0.1721599211305526,0.0,1.8026424135223424,-2.191844754543378,"Top alerts are review candidates, not confirmed fraud cases."
2022-11-10,BTC,99.50378688952729,1,1,E002,exchange_failure,high,0.1020374090112845,0.0869673284881673,1.5682129184445288,2.030424248529399,-0.1736584838508551,0.0,2.582073474604977,-3.2366537332263037,"Top alerts are review candidates, not confirmed fraud cases."
2021-02-20,BNB,99.4950813963611,0,0,,,,-0.2619920482462277,0.2507262414928752,1.7931810377164867,2.450081392146877,-0.2304828573059103,0.0,2.4301377928963457,2.0371619758391177,"Top alerts are review candidates, not confirmed fraud cases."
2022-05-11,ETH,99.48637590319491,1,1,E001,stablecoin_depeg,high,-0.1230834696703473,0.05785675600113,2.511998326358075,3.85568099793222,-0.3355099744471389,0.0,3.274289373971136,,"Top alerts are review candidates, not confirmed fraud cases."
2022-11-08,BTC,99.47767041002874,1,1,E002,exchange_failure,high,-0.1054286468114611,0.0457927200768418,2.7799196058271396,4.7320200023851715,-0.1288098328141871,0.0,3.146989869478346,1.1614428777954775,"Top alerts are review candidates, not confirmed fraud cases."
2025-02-25,USDT,99.46896491686255,0,0,,,,-0.0007625265781344,0.0006206082448515,1.5878077103051251,2.106938658019852,-0.0020608105533316,0.0010120272636413,1.1759642262234684,-1.821734172163987,"Top alerts are review candidates, not confirmed fraud cases."
2025-02-25,USDT,99.46025942369636,0,0,,,,-0.0007625265781344,0.0006206082448515,1.5878077103051251,2.106938658019852,-0.0020608105533316,0.0010120272636413,1.1759642262234684,-1.8217341721487876,"Top alerts are review candidates, not confirmed fraud cases."
2022-06-13,SOL,99.45155393053017,0,0,,,,-0.0866200527173992,0.0469919324821521,2.033786120301177,2.0187824316450276,-0.520629863659116,0.0,2.985161426687413,-2.81155060063464,"Top alerts are review candidates, not confirmed fraud cases."
2023-06-15,USDT,99.44284843736398,0,0,,,,-0.0006543028005815,0.0003507551180515,0.9107630258692444,4.843098100038836,-0.0013203522623342,0.0008170008659363,1.0246268057426002,-2.8221061656083464,"Top alerts are review candidates, not confirmed fraud cases."
2023-06-15,USDT,99.43414294419779,0,0,,,,-0.0006543028005815,0.0003507551180515,0.9107630258692444,4.843098100038836,-0.0013203522623342,0.0008170008659363,1.0246268057426002,-2.8221061655736817,"Top alerts are review candidates, not confirmed fraud cases."
2023-03-13,USDT,99.42543745103161,1,1,E003,stablecoin_depeg,high,-0.0032610071193272,0.0025649143146439,2.0108723682417726,1.5584183020795246,-0.0037907914667206,0.0038700103759765,2.3434089224043833,-0.23256069390713,"Top alerts are review candidates, not confirmed fraud cases."
2023-03-13,USDT,99.41673195786541,1,1,E003,stablecoin_depeg,high,-0.0032610071193272,0.0025649143146439,2.0108723682417726,1.5584183020795246,-0.0037907914667206,0.0038700103759765,2.3434089224043833,-0.2325606939046424,"Top alerts are review candidates, not confirmed fraud cases."
2022-05-09,ETH,99.40802646469923,1,1,E001,stablecoin_depeg,high,-0.1143532145756758,0.0516705292626417,2.542621634148683,3.2032949933108577,-0.300895566497745,0.0,3.1011496912250793,,"Top alerts are review candidates, not confirmed fraud cases."
2025-06-23,SOL,99.39932097153303,0,0,,,,0.0957898646082222,0.0480111796075914,1.5957972914912066,2.6787949383314844,-0.1808015526728202,0.0,0.8968738583855973,-2.080475231275716,"Top alerts are review candidates, not confirmed fraud cases."
2022-01-22,BNB,99.39061547836685,0,0,,,,-0.0674264002278537,0.0483053336856553,1.2958314347860262,2.1515016192352436,-0.3635446835312038,0.0,2.468945022682591,-2.5404033817312177,"Top alerts are review candidates, not confirmed fraud cases."
2022-11-09,ETH,99.38190998520066,1,1,E002,exchange_failure,high,-0.1918441498664274,0.0956775408557966,1.9995941719953072,3.262136155194511,-0.3312417333594032,0.0,2.927581869113105,,"Top alerts are review candidates, not confirmed fraud cases."
2021-09-07,BNB,99.37320449203447,0,0,,,,-0.1721191468201457,0.0730166081391504,2.7275217106548024,4.729146571709952,-0.1726271370534848,0.0,3.3328027558903752,-0.4314874872596658,"Top alerts are review candidates, not confirmed fraud cases."
2021-05-23,SOL,99.36449899886829,0,0,,,,-0.2377682407181387,0.2481279679662495,1.2639864049412926,2.2078904534050605,-0.5584274192805582,0.0,0.9427509257986382,-2.435303940607505,"Top alerts are review candidates, not confirmed fraud cases."
2025-03-02,SOL,99.3557935057021,0,0,,,,0.2170046723112975,0.119871520113502,1.848784965686308,2.7664778643671255,-0.1742038218134253,0.0,0.7928919471176294,-1.493711194165949,"Top alerts are review candidates, not confirmed fraud cases."
2021-11-10,USDC,99.3470880125359,0,0,,,,-0.0005521096125196,0.000453771685753,2.8126607760232325,4.395603731012461,-0.00167401584966,0.0004770159721375,2.2479524257953605,1.7436285654882258,"Top alerts are review candidates, not confirmed fraud cases."
2022-12-16,BNB,99.33838251936972,0,0,,,,-0.1105964964242671,0.0380466712500826,1.0490892589653142,3.716068161983152,-0.257414875195238,0.0,0.8313627644040478,-1.7104414238579762,"Top alerts are review candidates, not confirmed fraud cases."
2024-10-25,USDT,99.32967702620353,0,0,,,,-0.0013455929571064,0.0005459873001249,1.2638824742866706,3.2106363896929104,-0.0020794584826961,0.0018370151519776,1.482409454682312,-0.084965660231014,"Top alerts are review candidates, not confirmed fraud cases."
2024-10-25,USDT,99.32097153303735,0,0,,,,-0.0013455929571064,0.0005459873001249,1.2638824742866706,3.2106363896929104,-0.0020794584826961,0.0018370151519776,1.482409454682312,-0.0849656602300358,"Top alerts are review candidates, not confirmed fraud cases."
2024-08-05,SOL,99.31226603987116,0,0,,,,-0.0611626798393851,0.0262551983339988,3.6121834126775703,4.152716345531793,-0.2975982557618438,0.0,4.169908207502609,-0.8861489846048562,"Top alerts are review candidates, not confirmed fraud cases."
2022-09-13,SOL,99.30356054670497,0,0,,,,-0.112838968047916,0.0601443368484522,1.6538886408939355,3.2566199878365474,-0.2371438183947677,0.0,1.5061479255639254,-0.7591247733769022,"Top alerts are review candidates, not confirmed fraud cases."
2021-05-20,BTC,99.29485505353878,0,0,,,,0.0972750161239606,0.0757639698341535,1.3421641209982007,1.5710794658518157,-0.3064605689725369,0.0,2.1231192343151655,-1.9701571368704311,"Top alerts are review candidates, not confirmed fraud cases."
2025-02-24,SOL,99.28614956037259,0,0,,,,-0.1684378198337048,0.068304134458698,1.047218281237208,3.4782726271133,-0.4105469482922729,0.0,0.6086503356748026,-1.2859397738628802,"Top alerts are review candidates, not confirmed fraud cases."
2023-06-05,SOL,99.27744406720642,0,0,,,,-0.0833017814317944,0.0424519859600685,2.163376489447274,3.957675642501418,-0.0809902182609517,0.0,1.594708945631983,4.051030899640642,"Top alerts are review candidates, not confirmed fraud cases."
2024-08-05,USDT,99.26873857404021,0,0,,,,0.0006850207957076,0.0005589042879864,3.9198260415812154,3.466931563284617,-0.0004276222535096,0.0003650188446044,4.169908207502609,-3.189914350918452,"Top alerts are review candidates, not confirmed fraud cases."
2024-08-05,USDT,99.26003308087404,0,0,,,,0.0006850207957076,0.0005589042879864,3.9198260415812154,3.466931563284617,-0.0004276222535096,0.0003650188446044,4.169908207502609,-3.1899143509038654,"Top alerts are review candidates, not confirmed fraud cases."
2022-09-13,BTC,99.25132758770783,0,0,,,,-0.0972821989234233,0.0582548209586826,2.079340539159636,3.0022472913465834,-0.1591030358152891,0.0,1.5061479255639254,1.1492125834726885,"Top alerts are review candidates, not confirmed fraud cases."
2021-05-20,BNB,99.24262209454166,0,0,,,,0.1492923163578687,0.1744954209884398,1.2188821433932882,1.8386779764809955,-0.4174603591845938,0.0,2.1231192343151655,-2.0759993131191297,"Top alerts are review candidates, not confirmed fraud cases."
2021-05-21,BNB,99.23391660137547,0,0,,,,-0.1875616465900602,0.1736358206521432,0.8997074441387823,2.1904240883007255,-0.5170874460995476,0.0,1.2918752090504853,-2.384730383821613,"Top alerts are review candidates, not confirmed fraud cases."
2022-01-07,BNB,99.22521110820928,0,0,,,,-0.0553569076158364,0.0349081803491914,2.771490401937934,1.1486318649707228,-0.2166723059200843,0.0,1.144348124785968,-2.8869130160706797,"Top alerts are review candidates, not confirmed fraud cases."
2022-11-08,ETH,99.21650561504309,1,1,E002,exchange_failure,high,-0.1628692796958821,0.0711854225789273,2.398800711907958,4.456184356828838,-0.1898116031448573,0.0,3.146989869478346,,"Top alerts are review candidates, not confirmed fraud cases."
2023-08-17,BTC,99.2078001218769,0,0,,,,-0.0736241200960634,0.0270756098803733,2.6489166346716737,4.7812690559996245,-0.113679264759385,0.0,3.161059591409465,-0.7873242702442834,"Top alerts are review candidates, not confirmed fraud cases."
2022-05-10,SOL,99.19909462871071,0,0,,,,0.0537904331981184,0.0847329868557961,2.6570704008433244,2.437760373784807,-0.3851086532494514,0.0,2.7167419437225964,-3.617197554458308,"Top alerts are review candidates, not confirmed fraud cases."
2022-01-07,SOL,99.19038913554454,0,0,,,,-0.0978944426291006,0.0476079465905101,1.367078772360502,1.1865859528452505,-0.3110994332999183,0.0,1.144348124785968,-2.526453259533753,"Top alerts are review candidates, not confirmed fraud cases."
2023-11-21,BNB,99.18168364237833,0,0,,,,-0.1132116464821146,0.0535178494116932,2.6381501124407545,4.655726255564599,-0.1105441681578806,0.0,1.1579209530166297,1.200268292791728,"Top alerts are review candidates, not confirmed fraud cases."
2021-09-07,USDT,99.17297814921216,0,0,,,,0.0006209074738975,0.0003233052921382,4.18025816005867,1.6473171762697307,-0.000731049506101,0.000493049621582,3.3328027558903752,1.6645025495563446,"Top alerts are review candidates, not confirmed fraud cases."
2021-09-07,USDT,99.16427265604597,0,0,,,,0.0006209074738975,0.0003233052921382,4.18025816005867,1.6473171762697307,-0.000731049506101,0.000493049621582,3.3328027558903752,1.6645025495500825,"Top alerts are review candidates, not confirmed fraud cases."
2023-12-11,USDT,99.15556716287978,0,0,,,,-0.0004970851940506,0.000481140647757,2.042639575405415,2.781754104473004,-0.0012220271738152,0.0004529953002929,2.0692782898950615,1.3648373636065494,"Top alerts are review candidates, not confirmed fraud cases."
2023-12-11,USDT,99.14686166971359,0,0,,,,-0.0004970851940506,0.000481140647757,2.042639575405415,2.781754104473004,-0.0012220271738152,0.0004529953002929,2.0692782898950615,1.3648373635979023,"Top alerts are review candidates, not confirmed fraud cases."
2024-04-13,SOL,99.1381561765474,0,0,,,,-0.0976535838619367,0.0524223198456118,1.1983596899972548,3.1246161966453654,-0.3131618610394644,0.0,1.0957478860765706,-1.4751371671742852,"Top alerts are review candidates, not confirmed fraud cases."
