date,asset,weak_supervision_score,weak_supervision_score_raw,lf_vote_count,weak_supervision_alert_top5,transparent_risk_score,anomaly_ensemble_score,weak_label_3d,weak_label_7d,event_ids_7d,event_type_list_7d,severity_list_7d,log_return,volume_z_30d,intraday_range_z_30d,drawdown_30d,stablecoin_peg_deviation,lf_transparent_top5,lf_anomaly_top5,lf_return_volume_joint,lf_range_drawdown_joint,lf_stablecoin_depeg,lf_defi_context_shock,lf_multimethod_consensus,claim_boundary
2023-03-11,USDC,99.9956472534169,1.0000000000000002,7,1,100.0,1.0,1,1,E003,stablecoin_depeg,high,-0.0283928913003175,4.247235213985159,5.294398995235628,-0.0287865702198393,0.0285000205039978,1,1,1,1,1,1,1,"Weak-supervision top alerts are review candidates, not confirmed fraud cases."
2023-03-12,USDC,99.9956472534169,1.0000000000000002,7,1,99.88682858883956,0.9987812309567335,1,1,E003,stablecoin_depeg,high,0.0209514196194405,1.891513353292975,1.7405323555454009,-0.0082236107067468,0.0079309940338135,1,1,1,1,1,1,1,"Weak-supervision top alerts are review candidates, not confirmed fraud cases."
2022-01-21,ETH,99.80847915034387,0.8500000000000001,6,1,99.55601984852444,0.9811090798293725,0,0,,,,-0.1597866123370455,2.3013873994945975,4.180921300254841,-0.3773315697588175,0.0,1,1,1,1,0,1,1,"Weak-supervision top alerts are review candidates, not confirmed fraud cases."
2022-05-09,SOL,99.80847915034387,0.8500000000000001,6,1,99.92165056150432,0.9951249238269348,0,0,,,,-0.1730137997587535,2.2522269450735997,3.4664472078382538,-0.4337902972797575,0.0,1,1,1,1,0,1,1,"Weak-supervision top alerts are review candidates, not confirmed fraud cases."
2022-05-11,USDT,99.80847915034387,0.8500000000000001,6,1,99.9912945068338,0.9975624619134674,1,1,E001,stablecoin_depeg,high,-0.0039275271824075,2.661228037617444,5.2883494176288615,-0.0045609899696827,0.0041279792785644,1,1,1,1,0,1,1,"Weak-supervision top alerts are review candidates, not confirmed fraud cases."
2022-06-13,ETH,99.80847915034387,0.8500000000000001,6,1,99.58213632802298,0.9783668494820232,0,0,,,,-0.1821259210514076,2.721497953992876,3.884739507862645,-0.4386079351994552,0.0,1,1,1,1,0,1,1,"Weak-supervision top alerts are review candidates, not confirmed fraud cases."
2022-05-12,USDT,99.80847915034387,0.8500000000000001,6,1,99.89553408200574,0.9966483851310176,1,1,E001,stablecoin_depeg,high,0.0017426792257216,2.050687145807687,5.251685977167206,-0.0027340781033746,0.00239098072052,1,1,1,1,0,1,1,"Weak-supervision top alerts are review candidates, not confirmed fraud cases."
2022-05-11,BTC,99.80847915034387,0.8500000000000001,6,1,99.75624619134676,0.9539914686166971,1,1,E001,stablecoin_depeg,high,-0.0696270636865197,2.3662781876531844,2.7431096203378713,-0.3027846234586865,0.0,1,1,1,1,0,1,1,"Weak-supervision top alerts are review candidates, not confirmed fraud cases."
2021-04-05,USDT,99.80847915034387,0.8500000000000001,6,1,99.59084182118916,0.9776051188299816,0,0,,,,-0.003142218277616,2.4118061170975413,1.2486311784515522,-0.0031372866765053,0.0002540349960327,1,1,1,1,0,1,1,"Weak-supervision top alerts are review candidates, not confirmed fraud cases."
2021-04-05,USDT,99.80847915034387,0.8500000000000001,6,1,99.59954731435536,0.978823887873248,0,0,,,,-0.003142218277616,2.4118061170975413,1.2486311784515522,-0.0031372866765053,0.0002540349960327,1,1,1,1,0,1,1,"Weak-supervision top alerts are review candidates, not confirmed fraud cases."
2021-02-20,BNB,99.80847915034387,0.8500000000000001,6,1,99.4950813963611,0.9811090798293725,0,0,,,,-0.2619920482462277,1.7931810377164867,2.450081392146877,-0.2304828573059103,0.0,1,1,1,1,0,1,1,"Weak-supervision top alerts are review candidates, not confirmed fraud cases."
2022-05-11,ETH,99.80847915034387,0.8500000000000001,6,1,99.48637590319493,0.975624619134674,1,1,E001,stablecoin_depeg,high,-0.1230834696703473,2.511998326358075,3.85568099793222,-0.3355099744471389,0.0,1,1,1,1,0,1,1,"Weak-supervision top alerts are review candidates, not confirmed fraud cases."
2022-06-13,BTC,99.80847915034387,0.8500000000000001,6,1,99.66048576651868,0.9987812309567335,0,0,,,,-0.1740525517766702,2.8090472311422787,4.381096070334634,-0.2926783777253529,0.0,1,1,1,1,0,1,1,"Weak-supervision top alerts are review candidates, not confirmed fraud cases."
2022-01-22,SOL,99.80847915034387,0.8500000000000001,6,1,99.86941760250718,0.995734308348568,0,0,,,,-0.1730052492333333,2.2451105724058507,3.631710700148751,-0.5243534381777806,0.0,1,1,1,1,0,1,1,"Weak-supervision top alerts are review candidates, not confirmed fraud cases."
2022-05-11,SOL,99.80847915034387,0.8500000000000001,6,1,99.97388352050145,0.9993906154783668,0,0,,,,-0.284965102911531,2.7536052477033826,4.504107725731709,-0.5375768054443825,0.0,1,1,1,1,0,1,1,"Weak-supervision top alerts are review candidates, not confirmed fraud cases."
2022-01-21,SOL,99.80847915034387,0.8500000000000001,6,1,99.721424218682,0.9896404631322364,0,0,,,,-0.1276064305684263,2.3133087204436404,3.0705718592300126,-0.4345169563051548,0.0,1,1,1,1,0,1,1,"Weak-supervision top alerts are review candidates, not confirmed fraud cases."
2024-08-05,BNB,99.80847915034387,0.8500000000000001,6,1,99.74754069818054,0.9963436928702012,0,0,,,,-0.0674339144007571,4.405220782524666,4.292596979732654,-0.2280036569300649,0.0,1,1,1,1,0,1,1,"Weak-supervision top alerts are review candidates, not confirmed fraud cases."
2021-05-19,BTC,99.80847915034387,0.8500000000000001,6,1,99.93906154783669,1.0,0,0,,,,-0.1481070763518861,2.8466154526301017,4.478238457004,-0.3707472023447685,0.0,1,1,1,1,0,1,1,"Weak-supervision top alerts are review candidates, not confirmed fraud cases."
2022-05-09,ETH,99.80847915034387,0.8500000000000001,6,1,99.40802646469923,0.9622181596587448,1,1,E001,stablecoin_depeg,high,-0.1143532145756758,2.542621634148683,3.2032949933108577,-0.300895566497745,0.0,1,1,1,1,0,1,1,"Weak-supervision top alerts are review candidates, not confirmed fraud cases."
2022-11-09,ETH,99.80847915034387,0.8500000000000001,6,1,99.38190998520066,0.9987812309567335,1,1,E002,exchange_failure,high,-0.1918441498664274,1.9995941719953072,3.262136155194511,-0.3312417333594032,0.0,1,1,1,1,0,1,1,"Weak-supervision top alerts are review candidates, not confirmed fraud cases."
2022-11-09,BTC,99.80847915034387,0.8500000000000001,6,1,99.73012971184818,0.9951249238269348,1,1,E002,exchange_failure,high,-0.1548895481701482,2.1558592146957043,3.702687413908257,-0.2538171056328967,0.0,1,1,1,1,0,1,1,"Weak-supervision top alerts are review candidates, not confirmed fraud cases."
2022-11-09,BNB,99.80847915034387,0.8500000000000001,6,1,99.66919125968488,0.9951249238269348,1,1,E002,exchange_failure,high,-0.2053704946002081,1.9045699603061612,3.476423651300757,-0.2470419836482454,0.0,1,1,1,1,0,1,1,"Weak-supervision top alerts are review candidates, not confirmed fraud cases."
2021-05-19,ETH,99.80847915034387,0.8500000000000001,6,1,99.5647253416906,0.9829372333942716,0,0,,,,-0.3174590304840619,2.162798813052752,4.945660362792582,-0.4097252122986823,0.0,1,1,1,1,0,1,1,"Weak-supervision top alerts are review candidates, not confirmed fraud cases."
2024-08-05,ETH,99.80847915034387,0.8500000000000001,6,1,99.53860886219204,0.9835466179159048,0,0,,,,-0.1055891561296604,3.6619253702837433,4.566498768187089,-0.3165179661155481,0.0,1,1,1,1,0,1,1,"Weak-supervision top alerts are review candidates, not confirmed fraud cases."
2022-11-10,USDT,99.80847915034387,0.8500000000000001,6,1,99.8520066161748,0.994210847044485,0,0,,,,-0.0007663917515725,1.5713010431474863,5.277570570814031,-0.0023905000224063,0.0021650195121764,1,1,1,1,0,1,1,"Weak-supervision top alerts are review candidates, not confirmed fraud cases."
2022-11-10,USDT,99.80847915034387,0.8500000000000001,6,1,99.860712109341,0.9945155393053016,0,0,,,,-0.0007663917515725,1.5713010431474863,5.277570570814031,-0.0023905000224063,0.0021650195121764,1,1,1,1,0,1,1,"Weak-supervision top alerts are review candidates, not confirmed fraud cases."
2021-05-19,BNB,99.80847915034387,0.8500000000000001,6,1,99.84330112300862,1.0,0,0,,,,-0.4044500874670103,1.795887468724866,4.893610078136581,-0.498248528870842,0.0,1,1,1,1,0,1,1,"Weak-supervision top alerts are review candidates, not confirmed fraud cases."
2022-05-12,USDT,99.80847915034387,0.8500000000000001,6,1,99.90423957517194,0.9969530773918344,1,1,E001,stablecoin_depeg,high,0.0017426792257216,2.050687145807687,5.251685977167206,-0.0027340781033746,0.00239098072052,1,1,1,1,0,1,1,"Weak-supervision top alerts are review candidates, not confirmed fraud cases."
2021-05-19,SOL,99.80847915034387,0.8500000000000001,6,1,99.81718464351006,0.9987812309567335,0,0,,,,-0.4653547338509138,2.132305702661152,4.836612177591474,-0.3720876760787523,0.0,1,1,1,1,0,1,1,"Weak-supervision top alerts are review candidates, not confirmed fraud cases."
2023-06-10,BNB,99.80847915034387,0.8500000000000001,6,1,99.79106816401148,0.9823278488726388,0,1,E004,regulatory_action,medium,-0.0865958510066464,2.5591368324763706,3.009060602514035,-0.239224097958429,0.0,1,1,1,1,0,1,1,"Weak-supervision top alerts are review candidates, not confirmed fraud cases."
2023-03-11,USDT,99.80847915034387,0.8500000000000001,6,1,98.9292243405589,0.9998476538695916,1,1,E003,stablecoin_depeg,high,0.004618179100107,1.9305533120565168,5.236116456733806,0.0,0.0076899528503417,1,1,1,0,1,1,1,"Weak-supervision top alerts are review candidates, not confirmed fraud cases."
2024-08-05,BTC,99.80847915034387,0.8500000000000001,6,1,99.73883520501435,0.9945155393053016,0,0,,,,-0.0736319858212013,3.539956139026128,4.567495999591928,-0.2089843810359251,0.0,1,1,1,1,0,1,1,"Weak-supervision top alerts are review candidates, not confirmed fraud cases."
2023-03-11,USDT,99.80847915034387,0.8500000000000001,6,1,98.9205188473927,0.9992382693479586,1,1,E003,stablecoin_depeg,high,0.004618179100107,1.9305533120565168,5.236116456733806,0.0,0.0076899528503417,1,1,1,0,1,1,1,"Weak-supervision top alerts are review candidates, not confirmed fraud cases."
2022-11-08,SOL,99.80847915034387,0.8500000000000001,6,1,99.77365717767913,0.9975624619134674,1,1,E002,exchange_failure,high,-0.2034138166526937,3.334917829728622,4.567169321921082,-0.3430589927872434,0.0,1,1,1,1,0,1,1,"Weak-supervision top alerts are review candidates, not confirmed fraud cases."
2022-11-09,SOL,99.80847915034387,0.8500000000000001,6,1,99.96517802733524,1.0,1,1,E002,exchange_failure,high,-0.5495821084962169,2.4352872698357046,4.757991953704207,-0.6208195872887149,0.0,1,1,1,1,0,1,1,"Weak-supervision top alerts are review candidates, not confirmed fraud cases."
2021-12-04,BTC,99.80847915034387,0.8500000000000001,6,1,99.79977365717768,0.9865935405240708,0,0,,,,-0.0856084308551636,2.7354764005767347,4.347013773049169,-0.2718216247479058,0.0,1,1,1,1,0,1,1,"Weak-supervision top alerts are review candidates, not confirmed fraud cases."
2023-03-13,USDT,99.80847915034387,0.8500000000000001,6,1,99.4167319578654,0.9960390006093846,1,1,E003,stablecoin_depeg,high,-0.0032610071193272,2.0108723682417726,1.5584183020795246,-0.0037907914667206,0.0038700103759765,1,1,1,1,0,1,1,"Weak-supervision top alerts are review candidates, not confirmed fraud cases."
2023-03-13,USDT,99.80847915034387,0.8500000000000001,6,1,99.4254374510316,0.9963436928702012,1,1,E003,stablecoin_depeg,high,-0.0032610071193272,2.0108723682417726,1.5584183020795246,-0.0037907914667206,0.0038700103759765,1,1,1,1,0,1,1,"Weak-supervision top alerts are review candidates, not confirmed fraud cases."
2022-06-15,SOL,99.80847915034387,0.8500000000000001,6,1,99.7823626708453,0.9701401584399756,0,0,,,,0.1489706119600873,1.829424563378804,2.759192102791275,-0.3962789663402145,0.0,1,1,1,1,0,1,1,"Weak-supervision top alerts are review candidates, not confirmed fraud cases."
2022-05-11,BNB,99.80847915034387,0.8500000000000001,6,1,99.9303560546705,0.9917733089579523,0,0,,,,-0.1679314923067618,2.592455883061618,3.407524650143364,-0.3619864625853823,0.0,1,1,1,1,0,1,1,"Weak-supervision top alerts are review candidates, not confirmed fraud cases."
2022-05-09,BTC,99.80847915034387,0.8500000000000001,6,1,99.87812309567336,0.9817184643510056,1,1,E001,stablecoin_depeg,high,-0.1170549632581519,2.6325689120126095,3.2612181520249326,-0.2821932179835493,0.0,1,1,1,1,0,1,1,"Weak-supervision top alerts are review candidates, not confirmed fraud cases."
2022-05-11,USDT,99.80847915034387,0.8500000000000001,6,1,99.98258901366762,0.9972577696526508,1,1,E001,stablecoin_depeg,high,-0.0039275271824075,2.661228037617444,5.2883494176288615,-0.0045609899696827,0.0041279792785644,1,1,1,1,0,1,1,"Weak-supervision top alerts are review candidates, not confirmed fraud cases."
2022-05-09,BNB,99.80847915034387,0.8500000000000001,6,1,99.91294506833812,0.9993906154783668,0,0,,,,-0.1716304683028857,2.2834324317660357,4.387996024974091,-0.2925369825264517,0.0,1,1,1,1,0,1,1,"Weak-supervision top alerts are review candidates, not confirmed fraud cases."
2021-04-18,USDT,99.59954731435536,0.8,5,1,99.61695830068771,0.9981718464351006,0,0,,,,-0.0113601322296096,2.264746111750188,4.684188441835307,-0.0112958495775471,0.0001039505004885,1,1,1,1,0,0,1,"Weak-supervision top alerts are review candidates, not confirmed fraud cases."
2021-04-18,USDT,99.59954731435536,0.8,5,1,99.62566379385392,0.997867154174284,0,0,,,,-0.0113601322296096,2.264746111750188,4.684188441835307,-0.0112958495775471,0.0001039505004885,1,1,1,1,0,0,1,"Weak-supervision top alerts are review candidates, not confirmed fraud cases."
2021-04-18,USDC,99.59954731435536,0.8,5,1,99.6343692870201,0.9963436928702012,0,0,,,,-0.0103463142327043,3.402063320675406,4.6594089372604905,-0.0102929752361042,9.500980377197266e-05,1,1,1,1,0,0,1,"Weak-supervision top alerts are review candidates, not confirmed fraud cases."
2021-04-17,USDT,99.59954731435536,0.8,5,1,97.81492121528684,0.9998476538695916,0,0,,,,0.0091218565348114,1.7730205759071478,3.631510717450691,0.0,0.0115300416946411,1,1,1,0,1,0,1,"Weak-supervision top alerts are review candidates, not confirmed fraud cases."
2021-04-17,USDT,99.59954731435536,0.8,5,1,97.80621572212064,0.9992382693479586,0,0,,,,0.0091218565348114,1.7730205759071478,3.631510717450691,0.0,0.0115300416946411,1,1,1,0,1,0,1,"Weak-supervision top alerts are review candidates, not confirmed fraud cases."
2022-12-28,SOL,99.59954731435536,0.8,5,1,99.60825280752157,0.9768433881779404,0,0,,,,-0.1277587906012884,2.0158817162963794,3.18843081256294,-0.3172366590023994,0.0,1,1,1,1,0,0,1,"Weak-supervision top alerts are review candidates, not confirmed fraud cases."
2021-04-17,USDC,99.59954731435536,0.8,5,1,97.64081135196308,0.9993906154783668,0,0,,,,0.0094089041535738,1.6089242459706476,3.687250581250917,0.0,0.0104960203170776,1,1,1,0,1,0,1,"Weak-supervision top alerts are review candidates, not confirmed fraud cases."
2022-11-10,USDC,99.29050230695569,0.7000000000000001,5,1,98.52006616174806,0.9804996953077392,0,0,,,,0.0003498176182427,2.144086818811881,4.944339313403038,0.0,0.0006920099258425,1,1,1,0,0,1,1,"Weak-supervision top alerts are review candidates, not confirmed fraud cases."
2024-11-06,ETH,99.29050230695569,0.7000000000000001,5,1,96.2566379385392,0.9664838513101768,0,0,,,,0.1173012526406989,2.8780612443080886,3.3887854111002436,-0.0080815303828116,0.0,1,1,1,0,0,1,1,"Weak-supervision top alerts are review candidates, not confirmed fraud cases."
2022-11-08,USDC,99.29050230695569,0.7000000000000001,5,1,96.79637851484286,0.9719683120048752,0,0,,,,-0.0003410057676845,2.993972556479873,4.801200865981978,-0.0003409476318261,1.800060272216797e-05,1,1,1,0,0,1,1,"Weak-supervision top alerts are review candidates, not confirmed fraud cases."
2023-03-12,USDT,99.29050230695569,0.7000000000000001,5,1,95.72560285540176,0.9984765386959172,1,1,E003,stablecoin_depeg,high,-0.0005369876071648,0.9698960286435916,1.6972124274478937,-0.0005368434551235,0.0071489810943603,1,1,0,0,1,1,1,"Weak-supervision top alerts are review candidates, not confirmed fraud cases."
2023-06-05,SOL,99.29050230695569,0.7000000000000001,5,1,99.27744406720642,0.9926873857404022,0,0,,,,-0.0833017814317944,2.163376489447274,3.957675642501418,-0.0809902182609517,0.0,1,1,1,0,0,1,1,"Weak-supervision top alerts are review candidates, not confirmed fraud cases."
2023-08-17,USDC,99.29050230695569,0.7000000000000001,5,1,96.60485766518671,0.9536867763558804,0,0,,,,0.000399971592571,2.571859122459889,3.348374597076454,0.0,0.0004370212554931,1,1,1,0,0,1,1,"Weak-supervision top alerts are review candidates, not confirmed fraud cases."
2023-06-10,USDT,99.29050230695569,0.7000000000000001,5,1,98.5810046139114,0.9675502742230347,0,0,,,,0.0004899743376982,2.304903319643837,2.135922968757166,-0.000141895818684,0.0004390478134155,1,1,1,0,0,1,1,"Weak-supervision top alerts are review candidates, not confirmed fraud cases."
2022-01-21,BTC,99.29050230695569,0.7000000000000001,5,1,99.6430747801863,0.9884216940889702,0,0,,,,-0.1096046829154406,1.2664196582618643,3.93837227692635,-0.2826497127469989,0.0,1,1,0,1,0,1,1,"Weak-supervision top alerts are review candidates, not confirmed fraud cases."
2021-09-07,BTC,99.29050230695569,0.7000000000000001,5,1,99.02498476538696,0.9804996953077392,0,0,,,,-0.1172324952972996,3.725785145372015,4.715728441185279,-0.1106216071695616,0.0,1,1,1,0,0,1,1,"Weak-supervision top alerts are review candidates, not confirmed fraud cases."
2023-08-17,USDT,99.29050230695569,0.7000000000000001,5,1,96.9966048576652,0.965569774527727,0,0,,,,0.0015305720062986,3.026326276669369,3.163231529005887,0.0,0.0003859996795654,1,1,1,0,0,1,1,"Weak-supervision top alerts are review candidates, not confirmed fraud cases."
2021-05-20,BNB,99.29050230695569,0.7000000000000001,5,1,99.24262209454166,0.9768433881779404,0,0,,,,0.1492923163578687,1.2188821433932882,1.8386779764809955,-0.4174603591845938,0.0,1,1,0,1,0,1,1,"Weak-supervision top alerts are review candidates, not confirmed fraud cases."
2022-06-19,BTC,99.29050230695569,0.7000000000000001,5,1,96.59615217202054,0.9750152346130408,0,0,,,,0.077653019524071,0.394811395111691,1.4469251869611224,-0.3535143834836732,0.0,1,1,0,1,0,1,1,"Weak-supervision top alerts are review candidates, not confirmed fraud cases."
2021-05-12,BTC,99.29050230695569,0.7000000000000001,5,1,99.00757377905458,0.9975624619134674,0,0,,,,-0.1429671467730369,0.8704974787251998,3.3558634357981387,-0.2260179610054448,0.0,1,1,0,1,0,1,1,"Weak-supervision top alerts are review candidates, not confirmed fraud cases."
2022-06-18,BTC,99.29050230695569,0.7000000000000001,5,1,98.72899799773656,0.973491773308958,0,0,,,,-0.0736657112248888,0.9215882808223124,2.264085793537438,-0.4018162803837382,0.0,1,1,0,1,0,1,1,"Weak-supervision top alerts are review candidates, not confirmed fraud cases."
2021-05-23,BNB,99.29050230695569,0.7000000000000001,5,1,97.44929050230697,0.9972577696526508,0,0,,,,-0.130180605384643,0.5639250687909338,1.6826756277252666,-0.6108452371403114,0.0,1,1,0,1,0,1,1,"Weak-supervision top alerts are review candidates, not confirmed fraud cases."
2022-06-16,BTC,99.29050230695569,0.7000000000000001,5,1,96.68320710368242,0.9549055453991468,0,0,,,,-0.1021124013301033,0.0487688578522426,1.7927703004638644,-0.3589125785439838,0.0,1,1,0,1,0,1,1,"Weak-supervision top alerts are review candidates, not confirmed fraud cases."
2023-06-10,USDT,99.29050230695569,0.7000000000000001,5,1,98.58971010707756,0.968159658744668,0,0,,,,0.0004899743376982,2.304903319643837,2.135922968757166,-0.000141895818684,0.0004390478134155,1,1,1,0,0,1,1,"Weak-supervision top alerts are review candidates, not confirmed fraud cases."
2023-03-12,USDT,99.29050230695569,0.7000000000000001,5,1,95.73430834856794,0.9987812309567335,1,1,E003,stablecoin_depeg,high,-0.0005369876071648,0.9698960286435916,1.6972124274478937,-0.0005368434551235,0.0071489810943603,1,1,0,0,1,1,1,"Weak-supervision top alerts are review candidates, not confirmed fraud cases."
2023-08-17,USDT,99.29050230695569,0.7000000000000001,5,1,97.00531035083138,0.9658744667885436,0,0,,,,0.0015305720062986,3.026326276669369,3.163231529005887,0.0,0.0003859996795654,1,1,1,0,0,1,1,"Weak-supervision top alerts are review candidates, not confirmed fraud cases."
2023-06-10,SOL,99.29050230695569,0.7000000000000001,5,1,99.76495168451292,0.992078001218769,0,0,,,,-0.1044421458509519,3.261669162313269,4.245437935195577,-0.2824547942829654,0.0,1,1,1,0,0,1,1,"Weak-supervision top alerts are review candidates, not confirmed fraud cases."
2022-06-13,BNB,99.29050230695569,0.7000000000000001,5,1,99.80847915034389,0.9945155393053016,0,0,,,,-0.140032466075084,1.5012371510555866,3.926069627957887,-0.3220200596832392,0.0,1,1,0,1,0,1,1,"Weak-supervision top alerts are review candidates, not confirmed fraud cases."
2022-05-12,ETH,99.29050230695569,0.7000000000000001,5,1,98.36336728475668,0.9744058500914076,1,1,E001,stablecoin_depeg,high,-0.0547545283887727,2.0809490203561833,3.1951672095339156,-0.3709156564551782,0.0,1,1,0,1,0,1,1,"Weak-supervision top alerts are review candidates, not confirmed fraud cases."
2022-05-10,BNB,99.29050230695569,0.7000000000000001,5,1,99.52990336902585,0.9643510054844608,0,0,,,,0.0646056379156867,2.301379952304524,2.1511373818684474,-0.2453221315142469,0.0,1,1,0,1,0,1,1,"Weak-supervision top alerts are review candidates, not confirmed fraud cases."
2023-01-16,USDT,99.29050230695569,0.7000000000000001,5,1,97.40576303647602,0.9625228519195612,0,0,,,,-0.0002478933546884,1.4547492996367115,2.6073392213634516,-0.0002478626316695,0.0001260042190551,1,1,1,0,0,1,1,"Weak-supervision top alerts are review candidates, not confirmed fraud cases."
2023-01-16,USDT,99.29050230695569,0.7000000000000001,5,1,97.4144685296422,0.962827544180378,0,0,,,,-0.0002478933546884,1.4547492996367115,2.6073392213634516,-0.0002478626316695,0.0001260042190551,1,1,1,0,0,1,1,"Weak-supervision top alerts are review candidates, not confirmed fraud cases."
2021-05-21,BTC,99.29050230695569,0.7000000000000001,5,1,99.10333420388264,0.975624619134674,0,0,,,,-0.0891398168367931,0.9942948671785504,2.067679499074811,-0.3656072264171486,0.0,1,1,0,1,0,1,1,"Weak-supervision top alerts are review candidates, not confirmed fraud cases."
2023-03-10,USDC,99.29050230695569,0.7000000000000001,5,1,99.7127187255158,0.964046313223644,1,1,E003,stablecoin_depeg,high,-0.0005291269603334,2.7173723634950093,3.753152448375304,-0.0008158064936313,0.0005210041999815,1,1,1,0,0,1,1,"Weak-supervision top alerts are review candidates, not confirmed fraud cases."
2023-03-10,USDT,99.29050230695569,0.7000000000000001,5,1,98.72029250457038,0.9951249238269348,1,1,E003,stablecoin_depeg,high,0.003056363966281,1.5261712602356523,4.377183390816884,0.0,0.0030469894409179,1,1,1,0,0,1,1,"Weak-supervision top alerts are review candidates, not confirmed fraud cases."
2022-11-09,USDT,99.29050230695569,0.7000000000000001,5,1,99.95647253416908,0.9884216940889702,0,0,,,,-0.0014329223828259,2.2017089993849397,5.066891053910359,-0.0016256472793532,0.0013999938964843,1,1,1,0,0,1,1,"Weak-supervision top alerts are review candidates, not confirmed fraud cases."
2024-03-05,SOL,99.29050230695569,0.7000000000000001,5,1,98.69417602507184,0.9945155393053016,0,0,,,,-0.0578595654499798,2.610664350194834,4.519420370835497,-0.0562175222017542,0.0,1,1,1,0,0,1,1,"Weak-supervision top alerts are review candidates, not confirmed fraud cases."
2021-09-07,ETH,99.29050230695569,0.7000000000000001,5,1,98.87699138156177,0.9683120048750762,0,0,,,,-0.1367184930285301,2.4838631309814576,4.459392119626183,-0.1330266935154623,0.0,1,1,1,0,0,1,1,"Weak-supervision top alerts are review candidates, not confirmed fraud cases."
2023-03-13,BNB,99.29050230695569,0.7000000000000001,5,1,98.0673805171063,0.9564290067032296,0,0,,,,0.0642947952625618,2.1338671511751577,2.1113032452874685,-0.0260334815709148,0.0,1,1,1,0,0,1,1,"Weak-supervision top alerts are review candidates, not confirmed fraud cases."
2024-08-05,USDT,99.29050230695569,0.7000000000000001,5,1,99.2687385740402,0.9821755027422304,0,0,,,,0.0006850207957076,3.9198260415812154,3.466931563284617,-0.0004276222535096,0.0003650188446044,1,1,1,0,0,1,1,"Weak-supervision top alerts are review candidates, not confirmed fraud cases."
2022-05-10,SOL,99.29050230695569,0.7000000000000001,5,1,99.19909462871072,0.9835466179159048,0,0,,,,0.0537904331981184,2.6570704008433244,2.437760373784807,-0.3851086532494514,0.0,1,1,0,1,0,1,1,"Weak-supervision top alerts are review candidates, not confirmed fraud cases."
2022-05-12,SOL,99.29050230695569,0.7000000000000001,5,1,99.7040132323496,0.991468616697136,0,0,,,,-0.1166248153864071,2.463445406763916,2.548336980200587,-0.5884808064381948,0.0,1,1,0,1,0,1,1,"Weak-supervision top alerts are review candidates, not confirmed fraud cases."
2025-01-19,USDC,99.29050230695569,0.7000000000000001,5,1,96.7702620353443,0.9646556977452772,0,0,,,,0.0004858821654384,2.9023124272282264,3.1351644315853986,0.0,0.0005190372467041,1,1,1,0,0,1,1,"Weak-supervision top alerts are review candidates, not confirmed fraud cases."
2021-11-10,USDC,99.29050230695569,0.7000000000000001,5,1,99.3470880125359,0.971358927483242,0,0,,,,-0.0005521096125196,2.8126607760232325,4.395603731012461,-0.00167401584966,0.0004770159721375,1,1,0,1,0,1,1,"Weak-supervision top alerts are review candidates, not confirmed fraud cases."
2022-06-13,SOL,99.29050230695569,0.7000000000000001,5,1,99.45155393053015,0.9829372333942716,0,0,,,,-0.0866200527173992,2.033786120301177,2.0187824316450276,-0.520629863659116,0.0,1,1,0,1,0,1,1,"Weak-supervision top alerts are review candidates, not confirmed fraud cases."
2023-08-17,ETH,99.29050230695569,0.7000000000000001,5,1,98.75511447723514,0.9939061547836684,0,0,,,,-0.0691995736731216,3.0371769163848144,5.091838999606162,-0.1094808876432911,0.0,1,1,1,0,0,1,1,"Weak-supervision top alerts are review candidates, not confirmed fraud cases."
2024-08-05,USDT,99.29050230695569,0.7000000000000001,5,1,99.26003308087404,0.9815661182205973,0,0,,,,0.0006850207957076,3.9198260415812154,3.466931563284617,-0.0004276222535096,0.0003650188446044,1,1,1,0,0,1,1,"Weak-supervision top alerts are review candidates, not confirmed fraud cases."
2021-05-19,USDT,99.29050230695569,0.7000000000000001,5,1,97.24035866631844,0.9582571602681292,0,0,,,,0.0009349580914452,2.0062126804316036,4.506653059453333,0.0,0.0016160011291503,1,1,1,0,0,1,1,"Weak-supervision top alerts are review candidates, not confirmed fraud cases."
2021-05-19,USDT,99.29050230695569,0.7000000000000001,5,1,97.23165317315224,0.9585618525289458,0,0,,,,0.0009349580914452,2.0062126804316036,4.506653059453333,0.0,0.0016160011291503,1,1,1,0,0,1,1,"Weak-supervision top alerts are review candidates, not confirmed fraud cases."
2024-03-05,BTC,99.29050230695569,0.7000000000000001,5,1,98.9988682858884,0.9780621572212066,0,0,,,,-0.0685829818149201,2.4368535318498625,3.5644950123790733,-0.0662840245576039,0.0,1,1,1,0,0,1,1,"Weak-supervision top alerts are review candidates, not confirmed fraud cases."
2023-06-10,ETH,99.29050230695569,0.7000000000000001,5,1,97.57987289979977,0.9859841560024376,0,1,E004,regulatory_action,medium,-0.0489103826705825,2.054614960903081,2.873100673121121,-0.0829599885883726,0.0,1,1,1,0,0,1,1,"Weak-supervision top alerts are review candidates, not confirmed fraud cases."
2022-11-10,SOL,99.29050230695569,0.7000000000000001,5,1,99.65178027335249,0.9853747714808044,1,1,E002,exchange_failure,high,0.2376898115608283,1.9866718931778256,1.1984567158835742,-0.5190795237646614,0.0,1,1,1,0,0,1,1,"Weak-supervision top alerts are review candidates, not confirmed fraud cases."
2021-09-07,BNB,99.29050230695569,0.7000000000000001,5,1,99.37320449203447,0.9896404631322364,0,0,,,,-0.1721191468201457,2.7275217106548024,4.729146571709952,-0.1726271370534848,0.0,1,1,1,0,0,1,1,"Weak-supervision top alerts are review candidates, not confirmed fraud cases."
2023-08-17,BNB,99.29050230695569,0.7000000000000001,5,1,99.5734308348568,0.9917733089579523,0,0,,,,-0.0592214107032376,1.917712319917867,4.176482509434898,-0.1170448067256172,0.0,1,1,1,0,0,1,1,"Weak-supervision top alerts are review candidates, not confirmed fraud cases."
2023-06-07,BNB,99.29050230695569,0.7000000000000001,5,1,99.68660224601724,0.9847653869591712,1,1,E004,regulatory_action,medium,-0.0817784212145902,2.6725332758958036,3.077397802765769,-0.1754289889653488,0.0,1,1,1,0,0,1,1,"Weak-supervision top alerts are review candidates, not confirmed fraud cases."
2022-11-09,USDT,99.29050230695569,0.7000000000000001,5,1,99.94776704100288,0.9881170018281537,0,0,,,,-0.0014329223828259,2.2017089993849397,5.066891053910359,-0.0016256472793532,0.0013999938964843,1,1,1,0,0,1,1,"Weak-supervision top alerts are review candidates, not confirmed fraud cases."
2024-03-05,BNB,99.29050230695569,0.7000000000000001,5,1,98.88569687472796,0.9750152346130408,0,0,,,,-0.0599264253802225,2.1990171818660955,4.059567192797012,-0.0581661738992187,0.0,1,1,1,0,0,1,1,"Weak-supervision top alerts are review candidates, not confirmed fraud cases."
