date,total_dex_volume
2014-02-17,6.23
2014-02-18,0.0
2014-02-19,0.0
2014-02-20,0.0
2014-02-21,0.0
2014-02-22,0.0
2014-02-23,0.0
2014-02-24,4.27
2014-02-25,0.0
2014-02-26,0.0
2014-02-27,0.0
2014-02-28,0.0
2014-03-01,0.0
2014-03-02,0.0
2014-03-03,0.0
2014-03-04,0.0
2014-03-05,0.0
2014-03-06,0.0
2014-03-07,112.0
2014-03-08,0.0
2014-03-09,133.0
2014-03-10,0.0
2014-03-11,66.0
2014-03-12,0.0
2014-03-13,0.0
2014-03-14,0.0
2014-03-15,0.0
2014-03-16,0.0
2014-03-17,0.0
2014-03-18,3336.0
2014-03-19,0.0
2014-03-20,0.0
2014-03-21,0.0
2014-03-22,0.0
2014-03-23,0.0
2014-03-24,0.0
2014-03-25,0.0
2014-03-26,0.0
2014-03-27,0.0
2014-03-28,0.0
2014-03-29,0.0
2014-03-30,0.0
2014-03-31,0.0
2014-04-01,0.0
2014-04-02,0.0
2014-04-03,0.0
2014-04-04,0.0
2014-04-05,0.0
2014-04-06,0.0
2014-04-07,0.0
2014-04-08,0.0
2014-04-09,4.24
2014-04-10,0.0
2014-04-11,0.0
2014-04-12,0.16
2014-04-13,0.0
2014-04-14,0.0
2014-04-15,0.0
2014-04-16,0.0
2014-04-17,0.0
2014-04-18,0.0
2014-04-19,0.0
2014-04-20,0.0
2014-04-21,0.0
2014-04-22,0.0
2014-04-23,0.0
2014-04-24,0.0
2014-04-25,0.0
2014-04-26,0.0
2014-04-27,0.0
2014-04-28,0.0
2014-04-29,0.0
2014-04-30,0.0
2014-05-01,0.0
2014-05-02,0.0
2014-05-03,0.0
2014-05-04,0.0
2014-05-05,0.0
2014-05-06,0.0
2014-05-07,0.0
2014-05-08,0.0
2014-05-09,0.0
2014-05-10,0.0
2014-05-11,0.0
2014-05-12,0.0
2014-05-13,0.0
2014-05-14,0.0
2014-05-15,0.0
2014-05-16,0.0
2014-05-17,0.0
2014-05-18,0.0
2014-05-19,0.0
2014-05-20,0.0
2014-05-21,0.0
2014-05-22,0.8
2014-05-23,0.0
2014-05-24,0.0
2014-05-25,0.0
2014-05-26,0.0
2014-05-27,0.0
2014-05-28,0.0
2014-05-29,0.0
2014-05-30,0.0
2014-05-31,0.0
2014-06-01,0.0
2014-06-02,0.0
2014-06-03,0.0
2014-06-04,25.0
2014-06-05,25.0
2014-06-06,0.65
2014-06-07,13.0
2014-06-08,0.0
2014-06-09,0.0
2014-06-10,0.0
2014-06-11,0.0
2014-06-12,0.0
2014-06-13,0.0
2014-06-14,0.0
2014-06-15,0.0
2014-06-16,6.07
2014-06-17,6.44
2014-06-18,18.0
2014-06-19,82.0
2014-06-20,111.0
2014-06-21,2.74
2014-06-22,36.0
2014-06-23,0.0
2014-06-24,0.0
2014-06-25,15.0
2014-06-26,0.0
2014-06-27,0.0
2014-06-28,349.0
2014-06-29,27.49
2014-06-30,1046.0
2014-07-01,14.77
2014-07-02,443.0
2014-07-03,25.88
2014-07-04,2100.0
2014-07-05,45.0
2014-07-06,786.0
2014-07-07,157.0
2014-07-08,18.0
2014-07-09,0.0
2014-07-10,0.0
2014-07-11,175.0
2014-07-12,125.0
2014-07-13,0.0
2014-07-14,15.63
2014-07-15,485.0
2014-07-16,0.0
2014-07-17,227.0
2014-07-18,236.0
2014-07-19,57.3
2014-07-20,47.0
2014-07-21,63.3
2014-07-22,35.0
2014-07-23,161.0
2014-07-24,5.21
2014-07-25,79.87
2014-07-26,10.85
2014-07-27,75.98
2014-07-28,350.0
2014-07-29,1.2
2014-07-30,10.01
2014-07-31,11.0
2014-08-01,13.41
2014-08-02,33.28
2014-08-03,135.0
2014-08-04,606.0
2014-08-05,35.41
2014-08-06,30.69
2014-08-07,5.45
2014-08-08,128.0
2014-08-09,19.27
2014-08-10,191.0
2014-08-11,301.0
2014-08-12,246.0
2014-08-13,124.0
2014-08-14,78.51
2014-08-15,304.0
2014-08-16,1762.0
2014-08-17,595.0
2014-08-18,67.33
2014-08-19,234.0
2014-08-20,371.0
2014-08-21,3.95
2014-08-22,103.0
2014-08-23,87.34
2014-08-24,8.66
2014-08-25,206.0
2014-08-26,991.0
2014-08-27,83.81
2014-08-28,185.0
2014-08-29,147.0
2014-08-30,54.14
2014-08-31,119.0
2014-09-01,26.94
2014-09-02,94.38
2014-09-03,5.73
2014-09-04,562.0
2014-09-05,462.0
2014-09-06,70.03
2014-09-07,459.0
2014-09-08,466.0
2014-09-09,419.0
2014-09-10,2998.0
2014-09-11,31.79
2014-09-12,8.17
2014-09-13,917.0
2014-09-14,662.0
2014-09-15,407.0
2014-09-16,768.0
2014-09-17,1748.0
2014-09-18,120.0
2014-09-19,64.01
2014-09-20,55.19
2014-09-21,600.0
2014-09-22,319.0
2014-09-23,1000.0
2014-09-24,287.0
2014-09-25,2.28
2014-09-26,5.39
2014-09-27,13.0
2014-09-28,38.57
2014-09-29,249.0
2014-09-30,9.95
2014-10-01,74.2
2014-10-02,2.4
2014-10-03,38.0
2014-10-04,92.79
2014-10-05,336.0
2014-10-06,331.0
2014-10-07,17.06
2014-10-08,17.23
2014-10-09,5.02
2014-10-10,94.0
2014-10-11,18.37
2014-10-12,226.0
2014-10-13,700.0
2014-10-14,141.0
2014-10-15,13.73
2014-10-16,28.97
2014-10-17,222.0
2014-10-18,174.0
2014-10-19,55.51
2014-10-20,424.0
2014-10-21,75.21
2014-10-22,253.0
2014-10-23,118.0
2014-10-24,81.75
2014-10-25,56.11
2014-10-26,27.74
2014-10-27,242.0
2014-10-28,105.0
2014-10-29,30.68
2014-10-30,42.08
2014-10-31,346.0
2014-11-01,75.76
2014-11-02,309.0
2014-11-03,194.0
2014-11-04,169.0
2014-11-05,124.0
2014-11-06,0.0
2014-11-07,57.22
2014-11-08,12.88
2014-11-09,22.52
2014-11-10,109.0
2014-11-11,106.0
2014-11-12,308.0
2014-11-13,952.0
2014-11-14,61.0
2014-11-15,5.39
2014-11-16,367.0
2014-11-17,1.92
2014-11-18,321.0
2014-11-19,349.0
2014-11-20,131.0
2014-11-21,31.05
2014-11-22,101.0
2014-11-23,60.71
2014-11-24,24.88
2014-11-25,80.0
2014-11-26,14.45
2014-11-27,414.0
2014-11-28,22.99
2014-11-29,36.55
2014-11-30,79.14
2014-12-01,13.49
2014-12-02,2.09
2014-12-03,48.0
2014-12-04,320.0
2014-12-05,0.09
2014-12-06,262.0
2014-12-07,44.0
2014-12-08,110.0
2014-12-09,430.0
2014-12-10,77.78
2014-12-11,752.0
2014-12-12,227.0
2014-12-13,287.0
2014-12-14,116.0
2014-12-15,62.83
2014-12-16,4.09
2014-12-17,225.0
2014-12-18,629.0
2014-12-19,214.0
2014-12-20,45.99
2014-12-21,145.0
2014-12-22,5.15
2014-12-23,163.0
2014-12-24,0.14
2014-12-25,40.26
2014-12-26,0.0
2014-12-27,0.0
2014-12-28,53.01
2014-12-29,34.06
2014-12-30,0.01
2014-12-31,38.11
2015-01-01,0.0
2015-01-02,0.02
2015-01-03,2.76
2015-01-04,2.5
2015-01-05,218.0
2015-01-06,45.79
2015-01-07,4.55
2015-01-08,0.51
2015-01-09,4.23
2015-01-10,66.69
2015-01-11,455.0
2015-01-12,0.82
2015-01-13,4.53
2015-01-14,1.24
2015-01-15,0.0
2015-01-16,125.0
2015-01-17,291.0
2015-01-18,0.08
2015-01-19,1.1
2015-01-20,3.71
2015-01-21,12.2
2015-01-22,5.04
2015-01-23,11.37
2015-01-24,0.0
2015-01-25,1.16
2015-01-26,0.89
2015-01-27,0.0
2015-01-28,0.0
2015-01-29,3.55
2015-01-30,2.14
2015-01-31,15.31
2015-02-01,0.29
2015-02-02,59.32
2015-02-03,0.64
2015-02-04,90.66
2015-02-05,3.43
2015-02-06,103.0
2015-02-07,7.87
2015-02-08,0.0
2015-02-09,0.23
2015-02-10,0.0
2015-02-11,0.0
2015-02-12,1.0
2015-02-13,21.25
2015-02-14,5.24
2015-02-15,21.2
2015-02-16,10.14
2015-02-17,1.78
2015-02-18,4.02
2015-02-19,0.25
2015-02-20,0.0
2015-02-21,7.51
2015-02-22,7.65
2015-02-23,10.69
2015-02-24,335.0
2015-02-25,1.16
2015-02-26,0.0
2015-02-27,0.0
2015-02-28,23.41
2015-03-01,316.0
2015-03-02,13.9
2015-03-03,0.68
2015-03-04,0.69
2015-03-05,17.36
2015-03-06,0.0
2015-03-07,43.75
2015-03-08,55.18
2015-03-09,110.0
2015-03-10,10.74
2015-03-11,4.97
2015-03-12,25.0
2015-03-13,2.77
2015-03-14,2.67
2015-03-15,15.14
2015-03-16,29.5
2015-03-17,3.51
2015-03-18,0.0
2015-03-19,0.0
2015-03-20,0.0
2015-03-21,2.89
2015-03-22,1.27
2015-03-23,38.75
2015-03-24,5.86
2015-03-25,1.69
2015-03-26,0.0
2015-03-27,0.39
2015-03-28,2.5
2015-03-29,1.52
2015-03-30,0.02
2015-03-31,5.04
2015-04-01,0.77
2015-04-02,0.52
2015-04-03,0.0
2015-04-04,1.63
2015-04-05,2.3
2015-04-06,0.44
2015-04-07,2.69
2015-04-08,81.18
2015-04-09,17.42
2015-04-10,0.95
2015-04-11,42.44
2015-04-12,0.0
2015-04-13,1.92
2015-04-14,15.01
2015-04-15,0.0
2015-04-16,5.8
2015-04-17,1.3
2015-04-18,3.5
2015-04-19,0.37
2015-04-20,1.82
2015-04-21,4.43
2015-04-22,0.1
2015-04-23,3.64
2015-04-24,0.67
2015-04-25,44.0
2015-04-26,13.92
2015-04-27,1.02
2015-04-28,32.28
2015-04-29,4.94
2015-04-30,0.0
2015-05-01,5.98
2015-05-02,19.64
2015-05-03,3.45
2015-05-04,23.94
2015-05-05,11.21
2015-05-06,20.92
2015-05-07,73.52
2015-05-08,66.09
2015-05-09,66.25
2015-05-10,60.95
2015-05-11,233.0
2015-05-12,7.04
2015-05-13,8.69
2015-05-14,0.64
2015-05-15,0.76
2015-05-16,58.39
2015-05-17,11.84
2015-05-18,1.71
2015-05-19,14.0
2015-05-20,6.06
2015-05-21,5.08
2015-05-22,1.39
2015-05-23,10.91
2015-05-24,17.91
2015-05-25,11.01
2015-05-26,4.44
2015-05-27,0.26
2015-05-28,1.95
2015-05-29,102.0
2015-05-30,0.01
2015-05-31,2.85
2015-06-01,25.0
2015-06-02,46.26
2015-06-03,0.0
2015-06-04,0.0
2015-06-05,6.11
2015-06-06,5.43
2015-06-07,7.55
2015-06-08,80.0
2015-06-09,7.64
2015-06-10,23.08
2015-06-11,15.14
2015-06-12,45.1
2015-06-13,113.0
2015-06-14,31.1
2015-06-15,31.55
2015-06-16,11.02
2015-06-17,0.0
2015-06-18,11.61
2015-06-19,9.07
2015-06-20,1.05
2015-06-21,7.75
2015-06-22,105.0
2015-06-23,98.04
2015-06-24,3.98
2015-06-25,53.66
2015-06-26,0.0
2015-06-27,34.96
2015-06-28,16.21
2015-06-29,3.85
2015-06-30,58.1
2015-07-01,43.0
2015-07-02,28.57
2015-07-03,25.49
2015-07-04,16.02
2015-07-05,45.03
2015-07-06,0.0
2015-07-07,0.02
2015-07-08,0.0
2015-07-09,28.0
2015-07-10,15.15
2015-07-11,3.65
2015-07-12,7.53
2015-07-13,82.0
2015-07-14,4.22
2015-07-15,8.95
2015-07-16,26.23
2015-07-17,16.0
2015-07-18,58.0
2015-07-19,29.64
2015-07-20,13.11
2015-07-21,243.0
2015-07-22,451.0
2015-07-23,45.05
2015-07-24,16.75
2015-07-25,115.0
2015-07-26,75.05
2015-07-27,5.12
2015-07-28,0.0
2015-07-29,1.79
2015-07-30,10.0
2015-07-31,198.0
2015-08-01,91.21
2015-08-02,162.0
2015-08-03,1.35
2015-08-04,34.0
2015-08-05,168.0
2015-08-06,348.0
2015-08-07,17.0
2015-08-08,19.82
2015-08-09,79.75
2015-08-10,20.36
2015-08-11,0.0
2015-08-12,242.0
2015-08-13,167.0
2015-08-14,43.15
2015-08-15,22.96
2015-08-16,30.76
2015-08-17,99.0
2015-08-18,12.0
2015-08-19,10.15
2015-08-20,47.81
2015-08-21,33.98
2015-08-22,293.0
2015-08-23,63.84
2015-08-24,9.06
2015-08-25,140.0
2015-08-26,100.0
2015-08-27,3.44
2015-08-28,30.75
2015-08-29,25.94
2015-08-30,288.0
2015-08-31,14.06
2015-09-01,50.0
2015-09-02,49.39
2015-09-03,36.0
2015-09-04,11.0
2015-09-05,5.35
2015-09-06,10.14
2015-09-07,22.61
2015-09-08,11.08
2015-09-09,2.21
2015-09-10,275.0
2015-09-11,69.67
2015-09-12,4.15
2015-09-13,0.0
2015-09-14,15.0
2015-09-15,37.69
2015-09-16,0.07
2015-09-17,53.43
2015-09-18,0.76
2015-09-19,199.0
2015-09-20,0.07
2015-09-21,26.44
2015-09-22,17.92
2015-09-23,494.0
2015-09-24,22.71
2015-09-25,33.0
2015-09-26,46.4
2015-09-27,116.0
2015-09-28,0.0
2015-09-29,101.0
2015-09-30,45.37
2015-10-01,63.25
2015-10-02,8.74
2015-10-03,49.42
2015-10-04,0.0
2015-10-05,1.67
2015-10-06,1048.0
2015-10-07,68.05
2015-10-08,165.0
2015-10-09,11.0
2015-10-10,0.86
2015-10-11,38.41
2015-10-12,18.28
2015-10-13,285.0
2015-10-14,143.0
2015-10-15,48.12
2015-10-16,648.0
2015-10-17,11.15
2015-10-18,0.0
2015-10-19,72.4
2015-10-20,0.91
2015-10-21,20.38
2015-10-22,49.38
2015-10-23,286.0
2015-10-24,266.0
2015-10-25,351.0
2015-10-26,3.85
2015-10-27,15.99
2015-10-28,76.2
2015-10-29,38.52
2015-10-30,25.09
2015-10-31,0.0
2015-11-01,35.29
2015-11-02,32.0
2015-11-03,74.66
2015-11-04,16.32
2015-11-05,99.03
2015-11-06,68.89
2015-11-07,126.0
2015-11-08,1.34
2015-11-09,45.08
2015-11-10,14.51
2015-11-11,17.87
2015-11-12,78.89
2015-11-13,100.0
2015-11-14,0.0
2015-11-15,61.02
2015-11-16,12.96
2015-11-17,0.88
2015-11-18,213.0
2015-11-19,143.0
2015-11-20,64.14
2015-11-21,3.0
2015-11-22,55.73
2015-11-23,37.63
2015-11-24,43.02
2015-11-25,190.0
2015-11-26,33.0
2015-11-27,0.27
2015-11-28,239.0
2015-11-29,44.23
2015-11-30,15.29
2015-12-01,1.11
2015-12-02,67.89
2015-12-03,38.75
2015-12-04,75.0
2015-12-05,8.84
2015-12-06,147.0
2015-12-07,52.78
2015-12-08,291.0
2015-12-09,95.61
2015-12-10,2.97
2015-12-11,9.47
2015-12-12,152.0
2015-12-13,1.57
2015-12-14,78.0
2015-12-15,57.0
2015-12-16,13.05
2015-12-17,36.0
2015-12-18,12.0
2015-12-19,10.57
2015-12-20,16.23
2015-12-21,98.86
2015-12-22,11.43
2015-12-23,78.45
2015-12-24,22.63
2015-12-25,74.08
2015-12-26,1.57
2015-12-27,58.4
2015-12-28,3.18
2015-12-29,18.34
2015-12-30,213.0
2015-12-31,0.01
2016-01-01,0.04
2016-01-02,12.55
2016-01-03,3.88
2016-01-04,37.25
2016-01-05,92.81
2016-01-06,125.0
2016-01-07,172.0
2016-01-08,30.99
2016-01-09,9.02
2016-01-10,10.0
2016-01-11,70.02
2016-01-12,487.0
2016-01-13,295.0
2016-01-14,226.0
2016-01-15,730.0
2016-01-16,102.0
2016-01-17,140.0
2016-01-18,170.0
2016-01-19,75.18
2016-01-20,88.28
2016-01-21,361.0
2016-01-22,52.64
2016-01-23,98.02
2016-01-24,143.0
2016-01-25,67.86
2016-01-26,48.08
2016-01-27,20.25
2016-01-28,77.19
2016-01-29,64.84
2016-01-30,3.7
2016-01-31,7.19
2016-02-01,148.0
2016-02-02,146.0
2016-02-03,11.16
2016-02-04,78.38
2016-02-05,167.0
2016-02-06,102.0
2016-02-07,331.0
2016-02-08,233.0
2016-02-09,221.0
2016-02-10,597.0
2016-02-11,178.0
2016-02-12,90.21
2016-02-13,597.0
2016-02-14,55.88
2016-02-15,93.05
2016-02-16,151.0
2016-02-17,130.0
2016-02-18,46.76
2016-02-19,718.0
2016-02-20,272.0
2016-02-21,71.85
2016-02-22,126.0
2016-02-23,198.0
2016-02-24,268.0
2016-02-25,251.0
2016-02-26,597.0
2016-02-27,49.71
2016-02-28,29.73
2016-02-29,71.92
2016-03-01,607.0
2016-03-02,369.0
2016-03-03,27.0
2016-03-04,76.64
2016-03-05,152.0
2016-03-06,44.64
2016-03-07,420.0
2016-03-08,1081.0
2016-03-09,372.0
2016-03-10,289.0
2016-03-11,167.0
2016-03-12,320.0
2016-03-13,266.0
2016-03-14,124.0
2016-03-15,62.66
2016-03-16,198.0
2016-03-17,135.0
2016-03-18,475.0
2016-03-19,1225.0
2016-03-20,3009.0
2016-03-21,2011.0
2016-03-22,1588.0
2016-03-23,1382.0
2016-03-24,496.0
2016-03-25,708.0
2016-03-26,9.48
2016-03-27,298.0
2016-03-28,702.0
2016-03-29,182.0
2016-03-30,0.13
2016-03-31,18.27
2016-04-01,401.0
2016-04-02,497.0
2016-04-03,343.0
2016-04-04,646.0
2016-04-05,483.0
2016-04-06,1015.0
2016-04-07,51.19
2016-04-08,55.95
2016-04-09,1473.0
2016-04-10,340.0
2016-04-11,150.0
2016-04-12,46.67
2016-04-13,344.0
2016-04-14,140.0
2016-04-15,373.0
2016-04-16,342.0
2016-04-17,74.81
2016-04-18,478.0
2016-04-19,668.43
2016-04-20,2148.0
2016-04-21,3215.0
2016-04-22,2186.0
2016-04-23,1286.34
2016-04-24,764.72
2016-04-25,26.85
2016-04-26,1271.0
2016-04-27,979.0
2016-04-28,995.0
2016-04-29,1763.29
2016-04-30,919.55
2016-05-01,2762.0
2016-05-02,2096.0
2016-05-03,2146.0
2016-05-04,1033.4
2016-05-05,960.0
2016-05-06,2929.0
2016-05-07,370.0
2016-05-08,706.0
2016-05-09,54.63
2016-05-10,1581.69
2016-05-11,40.19
2016-05-12,794.0
2016-05-13,114.0
2016-05-14,1493.0
2016-05-15,1452.0
2016-05-16,1378.0
2016-05-17,1640.0
2016-05-18,2476.0
2016-05-19,1557.0
2016-05-20,289.31
2016-05-21,992.0
2016-05-22,1555.56
2016-05-23,1416.0
2016-05-24,228.49
2016-05-25,2879.26
2016-05-26,3713.93
2016-05-27,1585.0
2016-05-28,2831.0
2016-05-29,1331.0
2016-05-30,411.04
2016-05-31,1145.0
2016-06-01,1210.0
2016-06-02,1163.0
2016-06-03,3722.0
2016-06-04,1921.0
2016-06-05,1968.43
2016-06-06,1021.16
2016-06-07,894.0
2016-06-08,1073.0
2016-06-09,1682.0
2016-06-10,1415.0
2016-06-11,1940.0
2016-06-12,1098.83
2016-06-13,1170.7
2016-06-14,309.0
2016-06-15,1989.47
2016-06-16,343.25
2016-06-17,1462.0
2016-06-18,2782.91
2016-06-19,0.81
2016-06-20,1616.07
2016-06-21,1689.0
2016-06-22,1983.18
2016-06-23,2531.0
2016-06-24,141.1
2016-06-25,2503.0
2016-06-26,607.0
2016-06-27,348.0
2016-06-28,823.35
2016-06-29,656.0
2016-06-30,522.33
2016-07-01,1277.09
2016-07-02,190.0
2016-07-03,2024.0
2016-07-04,1453.0
2016-07-05,705.0
2016-07-06,1131.5
2016-07-07,672.92
2016-07-08,277.14
2016-07-09,1106.0
2016-07-10,802.05
2016-07-11,735.63
2016-07-12,1585.0
2016-07-13,107.12
2016-07-14,1279.0
2016-07-15,1890.0
2016-07-16,2034.0
2016-07-17,2891.85
2016-07-18,697.0
2016-07-19,1130.0
2016-07-20,3155.0
2016-07-21,2019.0
2016-07-22,2641.0
2016-07-23,853.0
2016-07-24,1114.71
2016-07-25,641.0
2016-07-26,1038.0
2016-07-27,2154.0
2016-07-28,826.2
2016-07-29,213.0
2016-07-30,2923.0
2016-07-31,2493.0
2016-08-01,3290.69
2016-08-02,2588.0
2016-08-03,3670.0
2016-08-04,1127.61
2016-08-05,962.38
2016-08-06,1493.62
2016-08-07,1156.0
2016-08-08,4594.0
2016-08-09,3933.0
2016-08-10,4383.0
2016-08-11,17191.0
2016-08-12,4355.0
2016-08-13,3130.29
2016-08-14,3955.1
2016-08-15,5654.0
2016-08-16,7206.0
2016-08-17,10298.0
2016-08-18,6873.0
2016-08-19,2132.0
2016-08-20,4145.0
2016-08-21,6274.0
2016-08-22,11241.0
2016-08-23,7022.0
2016-08-24,1193.0
2016-08-25,2932.0
2016-08-26,7878.72
2016-08-27,4208.19
2016-08-28,19904.46
2016-08-29,8915.62
2016-08-30,7030.0
2016-08-31,6297.0
2016-09-01,11790.0
2016-09-02,7214.0
2016-09-03,9136.0
2016-09-04,3683.0
2016-09-05,5222.0
2016-09-06,4139.0
2016-09-07,2179.0
2016-09-08,4617.0
2016-09-09,5632.0
2016-09-10,4401.0
2016-09-11,1793.0
2016-09-12,3551.0
2016-09-13,3230.0
2016-09-14,2893.0
2016-09-15,5837.0
2016-09-16,2016.0
2016-09-17,5256.0
2016-09-18,1687.0
2016-09-19,2228.0
2016-09-20,2239.0
2016-09-21,2980.0
2016-09-22,1598.0
2016-09-23,4517.0
2016-09-24,3380.0
2016-09-25,984.0
2016-09-26,4495.0
2016-09-27,3773.0
2016-09-28,2915.0
2016-09-29,2858.0
2016-09-30,3251.0
2016-10-01,2546.0
2016-10-02,2297.0
2016-10-03,3185.0
2016-10-04,2375.0
2016-10-05,2375.0
2016-10-06,3890.0
2016-10-07,3665.0
2016-10-08,3383.0
2016-10-09,5547.0
2016-10-10,8586.0
2016-10-11,6367.0
2016-10-12,7803.0
2016-10-13,7208.0
2016-10-14,3361.0
2016-10-15,9332.0
2016-10-16,6942.0
2016-10-17,8046.0
2016-10-18,3472.0
2016-10-19,2826.0
2016-10-20,6999.0
2016-10-21,6132.0
2016-10-22,7927.0
2016-10-23,4656.0
2016-10-24,4432.0
2016-10-25,5449.0
2016-10-26,4119.0
2016-10-27,6026.0
2016-10-28,3477.0
2016-10-29,5520.0
2016-10-30,2608.0
2016-10-31,5948.0
2016-11-01,6381.0
2016-11-02,6738.0
2016-11-03,5351.0
2016-11-04,5787.0
2016-11-05,2075.0
2016-11-06,2994.0
2016-11-07,12285.0
2016-11-08,6087.0
2016-11-09,3928.0
2016-11-10,3155.0
2016-11-11,9612.0
2016-11-12,3959.0
2016-11-13,4177.0
2016-11-14,2744.0
2016-11-15,4422.0
2016-11-16,2941.0
2016-11-17,6069.0
2016-11-18,5451.0
2016-11-19,6744.0
2016-11-20,4602.0
2016-11-21,3865.25
2016-11-22,4903.93
2016-11-23,3827.0
2016-11-24,2735.0
2016-11-25,1800.06
2016-11-26,3766.0
2016-11-27,5926.34
2016-11-28,4299.0
2016-11-29,4120.6
2016-11-30,7049.0
2016-12-01,5878.0
2016-12-02,6266.0
2016-12-03,5563.0
2016-12-04,4314.0
2016-12-05,4804.89
2016-12-06,3274.0
2016-12-07,5191.0
2016-12-08,4897.36
2016-12-09,7251.0
2016-12-10,4914.0
2016-12-11,4038.0
2016-12-12,5889.0
2016-12-13,4582.18
2016-12-14,5126.0
2016-12-15,4563.0
2016-12-16,4642.0
2016-12-17,6211.0
2016-12-18,3342.0
2016-12-19,6899.0
2016-12-20,4510.0
2016-12-21,5141.0
2016-12-22,8824.56
2016-12-23,7712.0
2016-12-24,4940.0
2016-12-25,1620.7
2016-12-26,799.44
2016-12-27,9231.0
2016-12-28,10367.03
2016-12-29,2509.0
2016-12-30,3355.14
2016-12-31,3523.0
2017-01-01,5102.0
2017-01-02,9057.0
2017-01-03,11199.0
2017-01-04,18111.0
2017-01-05,11548.0
2017-01-06,15518.0
2017-01-07,9022.0
2017-01-08,6666.0
2017-01-09,7462.0
2017-01-10,6740.38
2017-01-11,11028.0
2017-01-12,7515.0
2017-01-13,11351.0
2017-01-14,8596.0
2017-01-15,12040.0
2017-01-16,14581.0
2017-01-17,13591.0
2017-01-18,9345.0
2017-01-19,7748.0
2017-01-20,3264.0
2017-01-21,3945.0
2017-01-22,6046.0
2017-01-23,3173.0
2017-01-24,1910.76
2017-01-25,7057.0
2017-01-26,5633.0
2017-01-27,11087.0
2017-01-28,8226.0
2017-01-29,11015.0
2017-01-30,3156.0
2017-01-31,9385.0
2017-02-01,10733.0
2017-02-02,3230.0
2017-02-03,10049.0
2017-02-04,7619.0
2017-02-05,21395.0
2017-02-06,13638.0
2017-02-07,6580.0
2017-02-08,7392.0
2017-02-09,4616.0
2017-02-10,12856.0
2017-02-11,8636.0
2017-02-12,7861.0
2017-02-13,8390.0
2017-02-14,22932.0
2017-02-15,26832.0
2017-02-16,14001.0
2017-02-17,15475.0
2017-02-18,10024.0
2017-02-19,2698.0
2017-02-20,8476.0
2017-02-21,8911.0
2017-02-22,6911.0
2017-02-23,5552.0
2017-02-24,9244.0
2017-02-25,10245.0
2017-02-26,5329.0
2017-02-27,5813.0
2017-02-28,8449.0
2017-03-01,10023.0
2017-03-02,18847.0
2017-03-03,7754.0
2017-03-04,4925.31
2017-03-05,9517.0
2017-03-06,9568.0
2017-03-07,5172.93
2017-03-08,8169.0
2017-03-09,6293.0
2017-03-10,6679.0
2017-03-11,3184.0
2017-03-12,13375.0
2017-03-13,11851.0
2017-03-14,13400.0
2017-03-15,4702.0
2017-03-16,13029.0
2017-03-17,7413.0
2017-03-18,6565.0
2017-03-19,8460.0
2017-03-20,3781.0
2017-03-21,7179.0
2017-03-22,7273.0
2017-03-23,8498.0
2017-03-24,9148.0
2017-03-25,9559.0
2017-03-26,5074.0
2017-03-27,7999.0
2017-03-28,5094.0
2017-03-29,22471.0
2017-03-30,6681.0
2017-03-31,4293.0
2017-04-01,17738.0
2017-04-02,34785.0
2017-04-03,11421.0
2017-04-04,7415.0
2017-04-05,5769.0
2017-04-06,5231.49
2017-04-07,5667.0
2017-04-08,2892.0
2017-04-09,6809.0
2017-04-10,10572.0
2017-04-11,6052.0
2017-04-12,10827.0
2017-04-13,12209.0
2017-04-14,3076.0
2017-04-15,6188.0
2017-04-16,5922.0
2017-04-17,10850.0
2017-04-18,7251.0
2017-04-19,8256.0
2017-04-20,9828.0
2017-04-21,16478.0
2017-04-22,5575.0
2017-04-23,8559.0
2017-04-24,20852.0
2017-04-25,15330.0
2017-04-26,18729.0
2017-04-27,20469.0
2017-04-28,6390.0
2017-04-29,18192.0
2017-04-30,20001.0
2017-05-01,18938.0
2017-05-02,11125.0
2017-05-03,12862.0
2017-05-04,16773.0
2017-05-05,10052.0
2017-05-06,10426.0
2017-05-07,6297.0
2017-05-08,31299.0
2017-05-09,27334.0
2017-05-10,20649.0
2017-05-11,29887.0
2017-05-12,13898.0
2017-05-13,10243.0
2017-05-14,15703.0
2017-05-15,4553.0
2017-05-16,13134.0
2017-05-17,2857.0
2017-05-18,7180.0
2017-05-19,11149.0
2017-05-20,32612.0
2017-05-21,32731.0
2017-05-22,30878.0
2017-05-23,27091.0
2017-05-24,57895.0
2017-05-25,30816.0
2017-05-26,35971.0
2017-05-27,13053.0
2017-05-28,17981.0
2017-05-29,11288.0
2017-05-30,10778.0
2017-05-31,30538.0
2017-06-01,32674.0
2017-06-02,27530.0
2017-06-03,43244.0
2017-06-04,30017.0
2017-06-05,28981.0
2017-06-06,18354.0
2017-06-07,45508.0
2017-06-08,6838.0
2017-06-09,62564.0
2017-06-10,47283.0
2017-06-11,14118.0
2017-06-12,25615.0
2017-06-13,33958.0
2017-06-14,29352.27
2017-06-15,4887.0
2017-06-16,9235.0
2017-06-17,14561.0
2017-06-18,14345.0
2017-06-19,2378.0
2017-06-20,41562.0
2017-06-21,34168.0
2017-06-22,19855.0
2017-06-23,18664.0
2017-06-24,99769.0
2017-06-25,9109.0
2017-06-26,11008.74
2017-06-27,8197.0
2017-06-28,9609.0
2017-06-29,772.21
2017-06-30,5703.2
2017-07-01,8457.0
2017-07-02,1147.0
2017-07-03,5545.0
2017-07-04,3974.0
2017-07-05,8778.0
2017-07-06,1655.0
2017-07-07,1458.0
2017-07-08,5880.0
2017-07-09,2241.0
2017-07-10,2889.0
2017-07-11,9269.0
2017-07-12,17443.0
2017-07-13,2351.0
2017-07-14,6299.0
2017-07-15,7575.0
2017-07-16,4453.0
2017-07-17,9280.0
2017-07-18,9494.0
2017-07-19,5989.0
2017-07-20,17333.0
2017-07-21,35277.0
2017-07-22,22719.0
2017-07-23,9339.0
2017-07-24,18245.0
2017-07-25,11365.0
2017-07-26,5210.0
2017-07-27,7681.0
2017-07-28,8738.0
2017-07-29,7452.0
2017-07-30,40065.0
2017-07-31,5804.0
2017-08-01,3807.0
2017-08-02,2547.0
2017-08-03,7069.0
2017-08-04,13008.0
2017-08-05,16836.0
2017-08-06,9917.0
2017-08-07,7024.0
2017-08-08,11340.0
2017-08-09,12527.0
2017-08-10,15892.0
2017-08-11,15390.0
2017-08-12,17712.0
2017-08-13,19048.0
2017-08-14,17854.0
2017-08-15,30258.0
2017-08-16,21720.0
2017-08-17,38137.0
2017-08-18,18918.0
2017-08-19,18972.0
2017-08-20,20058.0
2017-08-21,50682.0
2017-08-22,36697.0
2017-08-23,19695.0
2017-08-24,18986.0
2017-08-25,11021.0
2017-08-26,5799.0
2017-08-27,9946.0
2017-08-28,31380.0
2017-08-29,14936.0
2017-08-30,46048.0
2017-08-31,21565.0
2017-09-01,31178.0
2017-09-02,28478.0
2017-09-03,14121.0
2017-09-04,18014.0
2017-09-05,13551.0
2017-09-06,11490.0
2017-09-07,10604.0
2017-09-08,12318.0
2017-09-09,5523.0
2017-09-10,22410.0
2017-09-11,8184.0
2017-09-12,7305.0
2017-09-13,11168.0
2017-09-14,7667.0
2017-09-15,11782.55
2017-09-16,19205.0
2017-09-17,8521.0
2017-09-18,18050.39
2017-09-19,17732.0
2017-09-20,3837.48
2017-09-21,8229.0
2017-09-22,7301.36
2017-09-23,5451.46
2017-09-24,13105.0
2017-09-25,21640.0
2017-09-26,46272.0
2017-09-27,46068.0
2017-09-28,15852.0
2017-09-29,24284.0
2017-09-30,20377.0
2017-10-01,13817.0
2017-10-02,16983.0
2017-10-03,5644.0
2017-10-04,12308.0
2017-10-05,8937.0
2017-10-06,20075.0
2017-10-07,22119.0
2017-10-08,6729.0
2017-10-09,5965.0
2017-10-10,13493.0
2017-10-11,22197.0
2017-10-12,16695.0
2017-10-13,24608.0
2017-10-14,25040.0
2017-10-15,23681.0
2017-10-16,10721.0
2017-10-17,10324.0
2017-10-18,20316.59
2017-10-19,4980.0
2017-10-20,8944.0
2017-10-21,23193.0
2017-10-22,18646.51
2017-10-23,10889.0
2017-10-24,6687.0
2017-10-25,16204.0
2017-10-26,8912.0
2017-10-27,15877.0
2017-10-28,201.0
2017-10-29,14336.0
2017-10-30,12459.0
2017-10-31,36791.28
2017-11-01,15700.0
2017-11-02,47101.35
2017-11-03,11778.0
2017-11-04,11250.0
2017-11-05,8828.0
2017-11-06,24266.0
2017-11-07,17499.0
2017-11-08,22488.0
2017-11-09,18575.0
2017-11-10,33286.0
2017-11-11,8551.0
2017-11-12,10384.0
2017-11-13,34725.0
2017-11-14,12602.0
2017-11-15,34787.0
2017-11-16,18649.0
2017-11-17,11122.0
2017-11-18,6565.46
2017-11-19,22133.0
2017-11-20,17193.0
2017-11-21,17095.0
2017-11-22,25449.0
2017-11-23,14133.0
2017-11-24,16595.0
2017-11-25,22800.0
2017-11-26,37218.0
2017-11-27,36123.0
2017-11-28,32459.0
2017-11-29,39277.0
2017-11-30,24534.0
2017-12-01,23255.0
2017-12-02,37637.0
2017-12-03,32777.0
2017-12-04,27104.0
2017-12-05,50406.0
2017-12-06,96038.0
2017-12-07,283134.0
2017-12-08,74390.0
2017-12-09,61395.0
2017-12-10,53030.0
2017-12-11,21706.0
2017-12-12,66957.0
2017-12-13,263678.0
2017-12-14,346269.0
2017-12-15,106801.0
2017-12-16,532155.0
2017-12-17,564923.0
2017-12-18,358022.0
2017-12-19,45463.0
2017-12-20,58161.0
2017-12-21,47025.0
2017-12-22,115201.0
2017-12-23,30052.0
2017-12-24,7182.0
2017-12-25,7795.0
2017-12-26,29194.0
2017-12-27,43586.0
2017-12-28,29755.54
2017-12-29,27178.4
2017-12-30,11753.0
2017-12-31,11501.0
2018-01-01,19637.0
2018-01-02,26345.0
2018-01-03,66873.0
2018-01-04,50582.0
2018-01-05,64201.0
2018-01-06,39916.0
2018-01-07,98199.0
2018-01-08,100407.0
2018-01-09,65964.0
2018-01-10,60666.0
2018-01-11,52961.0
2018-01-12,39633.0
2018-01-13,45477.0
2018-01-14,32116.0
2018-01-15,66650.1
2018-01-16,37215.0
2018-01-17,51740.0
2018-01-18,46748.0
2018-01-19,22925.0
2018-01-20,23479.0
2018-01-21,75244.0
2018-01-22,28994.0
2018-01-23,37539.0
2018-01-24,25160.0
2018-01-25,21224.0
2018-01-26,30205.0
2018-01-27,31817.0
2018-01-28,29038.0
2018-01-29,28208.0
2018-01-30,36175.0
2018-01-31,19990.0
2018-02-01,44739.0
2018-02-02,69425.0
2018-02-03,24611.0
2018-02-04,25913.0
2018-02-05,67967.0
2018-02-06,48961.0
2018-02-07,28605.0
2018-02-08,12154.0
2018-02-09,22771.0
2018-02-10,23290.0
2018-02-11,14849.0
2018-02-12,19495.0
2018-02-13,8675.0
2018-02-14,13805.0
2018-02-15,11569.0
2018-02-16,30360.0
2018-02-17,13810.0
2018-02-18,8240.0
2018-02-19,21473.87
2018-02-20,14993.0
2018-02-21,13005.84
2018-02-22,35915.0
2018-02-23,21658.0
2018-02-24,20144.0
2018-02-25,18743.0
2018-02-26,28216.0
2018-02-27,33769.0
2018-02-28,24115.0
2018-03-01,1316.0
2018-03-02,368.0
2018-03-03,576.0
2018-03-04,71578.0
2018-03-05,1944.0
2018-03-06,315.0
2018-03-07,952.0
2018-03-08,175.0
2018-03-09,25074.0
2018-03-10,10559.0
2018-03-11,14385.0
2018-03-12,13410.79
2018-03-13,14744.0
2018-03-14,13497.0
2018-03-15,26372.0
2018-03-16,16433.0
2018-03-17,37202.0
2018-03-18,42539.01
2018-03-19,17307.0
2018-03-20,14698.0
2018-03-21,31454.0
2018-03-22,19255.0
2018-03-23,6513.0
2018-03-24,8878.0
2018-03-25,23985.0
2018-03-26,18626.0
2018-03-27,39676.0
2018-03-28,14214.0
2018-03-29,17395.0
2018-03-30,40677.0
2018-03-31,19447.0
2018-04-01,30464.0
2018-04-02,24498.0
2018-04-03,12652.0
2018-04-04,21347.0
2018-04-05,20510.0
2018-04-06,46275.0
2018-04-07,17904.0
2018-04-08,47029.0
2018-04-09,33147.0
2018-04-10,9735.0
2018-04-11,5229.0
2018-04-12,15552.0
2018-04-13,14174.0
2018-04-14,4503.21
2018-04-15,8499.0
2018-04-16,15965.0
2018-04-17,12891.0
2018-04-18,9774.12
2018-04-19,14813.0
2018-04-20,20541.0
2018-04-21,27241.0
2018-04-22,25786.0
2018-04-23,19627.0
2018-04-24,34519.0
2018-04-25,29929.0
2018-04-26,13030.0
2018-04-27,14186.0
2018-04-28,16602.0
2018-04-29,41529.0
2018-04-30,24613.0
2018-05-01,13491.0
2018-05-02,25041.0
2018-05-03,23156.0
2018-05-04,34640.0
2018-05-05,24799.0
2018-05-06,15452.0
2018-05-07,275.0
2018-05-08,18063.0
2018-05-09,31113.0
2018-05-10,41106.0
2018-05-11,27308.18
2018-05-12,13232.0
2018-05-13,8782.0
2018-05-14,13227.0
2018-05-15,19254.0
2018-05-16,9188.0
2018-05-17,12557.0
2018-05-18,19749.0
2018-05-19,10577.0
2018-05-20,9681.0
2018-05-21,20599.0
2018-05-22,32224.0
2018-05-23,25421.0
2018-05-24,39541.0
2018-05-25,10696.0
2018-05-26,11651.0
2018-05-27,12026.0
2018-05-28,16100.0
2018-05-29,7626.0
2018-05-30,18967.0
2018-05-31,20423.0
2018-06-01,17826.0
2018-06-02,16943.87
2018-06-03,12633.31
2018-06-04,37798.55
2018-06-05,41329.9
2018-06-06,25895.0
2018-06-07,15607.0
2018-06-08,19926.0
2018-06-09,12256.0
2018-06-10,21924.0
2018-06-11,25871.0
2018-06-12,12349.0
2018-06-13,28109.0
2018-06-14,20218.0
2018-06-15,15996.0
2018-06-16,8402.0
2018-06-17,13615.0
2018-06-18,21041.94
2018-06-19,26307.0
2018-06-20,20424.0
2018-06-21,28975.0
2018-06-22,51010.0
2018-06-23,24028.52
2018-06-24,33264.33
2018-06-25,33557.17
2018-06-26,13918.0
2018-06-27,36472.0
2018-06-28,23149.29
2018-06-29,12047.91
2018-06-30,14563.0
2018-07-01,11506.0
2018-07-02,13808.0
2018-07-03,19323.0
2018-07-04,7934.0
2018-07-05,11558.59
2018-07-06,15113.0
2018-07-07,10226.87
2018-07-08,8874.0
2018-07-09,12953.0
2018-07-10,18544.0
2018-07-11,13723.0
2018-07-12,13770.0
2018-07-13,7985.0
2018-07-14,5631.0
2018-07-15,3982.0
2018-07-16,6217.0
2018-07-17,14249.0
2018-07-18,13583.0
2018-07-19,18901.0
2018-07-20,13800.0
2018-07-21,26672.0
2018-07-22,17658.0
2018-07-23,20602.0
2018-07-24,30085.0
2018-07-25,9975.0
2018-07-26,13069.0
2018-07-27,29028.0
2018-07-28,22174.0
2018-07-29,26618.0
2018-07-30,79751.0
2018-07-31,14869.0
2018-08-01,30966.0
2018-08-02,96881.95
2018-08-03,81855.0
2018-08-04,106761.45
2018-08-05,97229.0
2018-08-06,202954.88
2018-08-07,183373.0
2018-08-08,248456.0
2018-08-09,110743.33
2018-08-10,81181.0
2018-08-11,128426.0
2018-08-12,113177.0
2018-08-13,142412.2
2018-08-14,150451.0
2018-08-15,73681.0
2018-08-16,11228.0
2018-08-17,5168.0
2018-08-18,13768.0
2018-08-19,4978.0
2018-08-20,14238.0
2018-08-21,21294.0
2018-08-22,45200.0
2018-08-23,112847.0
2018-08-24,117783.0
2018-08-25,49880.0
2018-08-26,88193.0
2018-08-27,47981.0
2018-08-28,28196.43
2018-08-29,94239.0
2018-08-30,9614.0
2018-08-31,16763.0
2018-09-01,15809.0
2018-09-02,23870.07
2018-09-03,16795.0
2018-09-04,8979.0
2018-09-05,13406.0
2018-09-06,23168.0
2018-09-07,7797.82
2018-09-08,12436.0
2018-09-09,25195.43
2018-09-10,216363.0
2018-09-11,327706.0
2018-09-12,128688.52
2018-09-13,17072.0
2018-09-14,13702.0
2018-09-15,19474.06
2018-09-16,20544.68
2018-09-17,18788.99
2018-09-18,12393.0
2018-09-19,23233.23
2018-09-20,335795.72
2018-09-21,163750.72
2018-09-22,8797.18
2018-09-23,16714.0
2018-09-24,29772.08
2018-09-25,14831.18
2018-09-26,23457.0
2018-09-27,50405.76
2018-09-28,164687.0
2018-09-29,169830.0
2018-09-30,185853.0
2018-10-01,229325.0
2018-10-02,195223.0
2018-10-03,175840.41
2018-10-04,177852.26
2018-10-05,172145.39
2018-10-06,206338.0
2018-10-07,90951.04
2018-10-08,64591.88
2018-10-09,41738.0
2018-10-10,61012.0
2018-10-11,46050.0
2018-10-12,4530.0
2018-10-13,3941.81
2018-10-14,181021.0
2018-10-15,345594.18
2018-10-16,246413.85
2018-10-17,271734.63
2018-10-18,225580.0
2018-10-19,162683.0
2018-10-20,122752.12
2018-10-21,419694.0
2018-10-22,489123.05
2018-10-23,235531.0
2018-10-24,54600.0
2018-10-25,340935.0
2018-10-26,238154.0
2018-10-27,444004.0
2018-10-28,716427.0
2018-10-29,625899.0
2018-10-30,434370.0
2018-10-31,197120.82
2018-11-01,53330.0
2018-11-02,124164.0
2018-11-03,104850.0
2018-11-04,61733.0
2018-11-05,42873.0
2018-11-06,63709.0
2018-11-07,50484.0
2018-11-08,103685.0
2018-11-09,56184.0
2018-11-10,149268.0
2018-11-11,247050.0
2018-11-12,98888.0
2018-11-13,168637.0
2018-11-14,458001.0
2018-11-15,577576.0
2018-11-16,249131.0
2018-11-17,307464.0
2018-11-18,152919.0
2018-11-19,552229.0
2018-11-20,274457.0
2018-11-21,459970.0
2018-11-22,186904.0
2018-11-23,278509.65
2018-11-24,105966.0
2018-11-25,733619.0
2018-11-26,493383.0
2018-11-27,330105.0
2018-11-28,84830.63
2018-11-29,168575.38
2018-11-30,211318.0
2018-12-01,378878.76
2018-12-02,310569.71
2018-12-03,181663.0
2018-12-04,118006.0
2018-12-05,211936.0
2018-12-06,404179.8
2018-12-07,311138.0
2018-12-08,125774.0
2018-12-09,187027.0
2018-12-10,401228.0
2018-12-11,301747.0
2018-12-12,77091.0
2018-12-13,40832.89
2018-12-14,163465.51
2018-12-15,137316.0
2018-12-16,153395.0
2018-12-17,163071.0
2018-12-18,273626.0
2018-12-19,280471.0
2018-12-20,170978.0
2018-12-21,122342.68
2018-12-22,116707.0
2018-12-23,54112.0
2018-12-24,301261.0
2018-12-25,251917.29
2018-12-26,311815.1
2018-12-27,378094.0
2018-12-28,144168.0
2018-12-29,160553.32
2018-12-30,160508.0
2018-12-31,202441.0
2019-01-01,218161.0
2019-01-02,220136.0
2019-01-03,190457.0
2019-01-04,98457.84
2019-01-05,171308.23
2019-01-06,89859.0
2019-01-07,107019.0
2019-01-08,50193.0
2019-01-09,107470.0
2019-01-10,261611.0
2019-01-11,115210.0
2019-01-12,304450.0
2019-01-13,331590.05
2019-01-14,121766.0
2019-01-15,103725.0
2019-01-16,100202.97
2019-01-17,96434.89
2019-01-18,213704.0
2019-01-19,120320.45
2019-01-20,174719.0
2019-01-21,229621.77
2019-01-22,127511.0
2019-01-23,73216.0
2019-01-24,118745.0
2019-01-25,62834.0
2019-01-26,108277.0
2019-01-27,94384.0
2019-01-28,111293.0
2019-01-29,77706.56
2019-01-30,73393.0
2019-01-31,145719.65
2019-02-01,101047.17
2019-02-02,93034.83
2019-02-03,102451.8
2019-02-04,134310.05
2019-02-05,124092.0
2019-02-06,204083.09
2019-02-07,156761.81
2019-02-08,348271.01
2019-02-09,244961.0
2019-02-10,220035.0
2019-02-11,413599.0
2019-02-12,686346.0
2019-02-13,697372.0
2019-02-14,650729.0
2019-02-15,780125.0
2019-02-16,366851.8
2019-02-17,533145.0
2019-02-18,530259.0
2019-02-19,907341.6
2019-02-20,614837.0
2019-02-21,526656.75
2019-02-22,776841.0
2019-02-23,1131901.09
2019-02-24,1713651.0
2019-02-25,874106.91
2019-02-26,683083.11
2019-02-27,1247058.96
2019-02-28,447643.0
2019-03-01,786857.01
2019-03-02,587070.0
2019-03-03,504889.12
2019-03-04,1215933.0
2019-03-05,856461.0
2019-03-06,598410.0
2019-03-07,630488.0
2019-03-08,594079.78
2019-03-09,1087653.51
2019-03-10,264392.37
2019-03-11,457325.0
2019-03-12,454412.0
2019-03-13,418243.0
2019-03-14,374843.0
2019-03-15,388935.0
2019-03-16,823756.0
2019-03-17,490260.07
2019-03-18,520863.42
2019-03-19,360328.0
2019-03-20,509188.62
2019-03-21,756837.24
2019-03-22,488648.0
2019-03-23,393448.0
2019-03-24,484838.84
2019-03-25,625405.73
2019-03-26,870387.22
2019-03-27,498667.0
2019-03-28,866847.0
2019-03-29,572791.0
2019-03-30,461701.19
2019-03-31,425789.11
2019-04-01,501800.0
2019-04-02,1280101.58
2019-04-03,2450287.0
2019-04-04,972364.0
2019-04-05,575242.0
2019-04-06,675677.0
2019-04-07,660179.0
2019-04-08,2533942.0
2019-04-09,2433781.0
2019-04-10,1862713.37
2019-04-11,1694314.0
2019-04-12,1247574.66
2019-04-13,621121.4
2019-04-14,1259595.0
2019-04-15,1684569.82
2019-04-16,1644138.0
2019-04-17,1703314.27
2019-04-18,1546021.01
2019-04-19,1157997.0
2019-04-20,629298.0
2019-04-21,1236037.89
2019-04-22,1063485.66
2019-04-23,1609171.0
2019-04-24,1983924.0
2019-04-25,3300291.0
2019-04-26,2625291.0
2019-04-27,996659.52
2019-04-28,663322.75
2019-04-29,870729.0
2019-04-30,1107672.0
2019-05-01,577095.47
2019-05-02,481952.0
2019-05-03,912000.39
2019-05-04,512759.0
2019-05-05,662422.59
2019-05-06,1222498.0
2019-05-07,1423873.0
2019-05-08,1325716.0
2019-05-09,980742.0
2019-05-10,1107956.0
2019-05-11,2734710.0
2019-05-12,2067646.0
2019-05-13,1900359.0
2019-05-14,2608537.09
2019-05-15,5265236.0
2019-05-16,6311317.0
2019-05-17,2314163.0
2019-05-18,1002379.0
2019-05-19,1587077.0
2019-05-20,1474306.0
2019-05-21,1430852.0
2019-05-22,1827011.98
2019-05-23,1819561.0
2019-05-24,2076187.0
2019-05-25,1415172.78
2019-05-26,1415845.87
2019-05-27,1262340.0
2019-05-28,1173395.01
2019-05-29,1881409.0
2019-05-30,2608705.86
2019-05-31,1096163.0
2019-06-01,1361914.0
2019-06-02,1751378.0
2019-06-03,1633414.0
2019-06-04,3380031.0
2019-06-05,1564706.0
2019-06-06,1438815.0
2019-06-07,1575512.0
2019-06-08,509727.0
2019-06-09,676124.0
2019-06-10,1954967.0
2019-06-11,854394.0
2019-06-12,1310332.79
2019-06-13,1413070.0
2019-06-14,2358390.0
2019-06-15,1965495.0
2019-06-16,2983977.0
2019-06-17,1871599.0
2019-06-18,2452045.0
2019-06-19,1026595.64
2019-06-20,1076917.0
2019-06-21,3058388.0
2019-06-22,4381505.0
2019-06-23,2608053.0
2019-06-24,1786502.17
2019-06-25,3744450.0
2019-06-26,6205878.0
2019-06-27,6450778.0
2019-06-28,3538538.0
2019-06-29,3453120.0
2019-06-30,2354260.0
2019-07-01,2015097.67
2019-07-02,2357262.0
2019-07-03,3488322.18
2019-07-04,2066279.0
2019-07-05,1992423.0
2019-07-06,1663202.0
2019-07-07,898152.71
2019-07-08,1185052.0
2019-07-09,3677032.0
2019-07-10,3046860.0
2019-07-11,2166665.0
2019-07-12,1245690.0
2019-07-13,1435020.0
2019-07-14,3393242.17
2019-07-15,4428622.0
2019-07-16,3365397.05
2019-07-17,2418015.0
2019-07-18,1565666.0
2019-07-19,1626444.0
2019-07-20,1582402.0
2019-07-21,691343.0
2019-07-22,1580757.0
2019-07-23,1639232.0
2019-07-24,1192332.0
2019-07-25,1285729.9
2019-07-26,1995164.0
2019-07-27,1124085.81
2019-07-28,704245.0
2019-07-29,945075.0
2019-07-30,1293133.0
2019-07-31,2221286.0
2019-08-01,2124062.0
2019-08-02,2231321.0
2019-08-03,1110724.0
2019-08-04,1034530.0
2019-08-05,3028709.0
2019-08-06,2557536.32
2019-08-07,3075218.0
2019-08-08,900088.0
2019-08-09,2374218.0
2019-08-10,683385.0
2019-08-11,582554.0
2019-08-12,1732026.0
2019-08-13,845178.0
2019-08-14,2327595.26
2019-08-15,3130416.0
2019-08-16,1984384.0
2019-08-17,469724.0
2019-08-18,3338225.0
2019-08-19,1071940.0
2019-08-20,2101254.0
2019-08-21,1650700.0
2019-08-22,2213107.0
2019-08-23,2203941.0
2019-08-24,1409450.0
2019-08-25,2144343.75
2019-08-26,1317177.0
2019-08-27,1054547.0
2019-08-28,2117711.02
2019-08-29,1297153.0
2019-08-30,639932.0
2019-08-31,356465.0
2019-09-01,726083.0
2019-09-02,685894.99
2019-09-03,705863.11
2019-09-04,1271420.93
2019-09-05,3518055.12
2019-09-06,2038136.0
2019-09-07,1706027.0
2019-09-08,768054.44
2019-09-09,898707.0
2019-09-10,734387.0
2019-09-11,757332.85
2019-09-12,470681.0
2019-09-13,707277.0
2019-09-14,717866.4
2019-09-15,523687.0
2019-09-16,1374330.0
2019-09-17,1904032.01
2019-09-18,1717264.0
2019-09-19,1082046.0
2019-09-20,783196.0
2019-09-21,475314.0
2019-09-22,473920.0
2019-09-23,1441353.0
2019-09-24,4035304.28
2019-09-25,1499518.0
2019-09-26,1575803.0
2019-09-27,926050.0
2019-09-28,907816.0
2019-09-29,492576.83
2019-09-30,852053.0
2019-10-01,774662.0
2019-10-02,536539.0
2019-10-03,610124.0
2019-10-04,982493.0
2019-10-05,508359.0
2019-10-06,480821.53
2019-10-07,1021140.0
2019-10-08,613927.0
2019-10-09,1698745.0
2019-10-10,1257805.0
2019-10-11,943760.0
2019-10-12,637271.0
2019-10-13,593976.0
2019-10-14,1160122.0
2019-10-15,1118993.0
2019-10-16,1451669.0
2019-10-17,1283127.0
2019-10-18,1317353.0
2019-10-19,525648.18
2019-10-20,564557.0
2019-10-21,916061.0
2019-10-22,750288.47
2019-10-23,1708015.0
2019-10-24,698246.18
2019-10-25,1892501.0
2019-10-26,2687219.0
2019-10-27,1021528.0
2019-10-28,1313304.0
2019-10-29,955277.0
2019-10-30,721896.0
2019-10-31,1135982.0
2019-11-01,1161013.0
2019-11-02,443854.0
2019-11-03,553045.0
2019-11-04,650964.0
2019-11-05,753027.0
2019-11-06,1033285.25
2019-11-07,1689224.22
2019-11-08,1176546.0
2019-11-09,1192055.0
2019-11-10,1064710.0
2019-11-11,1537951.0
2019-11-12,1000082.0
2019-11-13,1095386.0
2019-11-14,1353482.58
2019-11-15,1639975.0
2019-11-16,514429.0
2019-11-17,1003564.0
2019-11-18,1133269.0
2019-11-19,2652222.0
2019-11-20,2370006.0
2019-11-21,3627540.0
2019-11-22,8137947.07
2019-11-23,2196891.0
2019-11-24,3019173.0
2019-11-25,5660307.0
2019-11-26,1898342.32
2019-11-27,1932541.0
2019-11-28,1748686.0
2019-11-29,2666978.0
2019-11-30,2075280.46
2019-12-01,2283879.8
2019-12-02,3402881.0
2019-12-03,2997584.0
2019-12-04,3636138.61
2019-12-05,3686922.5
2019-12-06,1258005.0
2019-12-07,1282067.0
2019-12-08,1478668.0
2019-12-09,1188805.0
2019-12-10,1954335.12
2019-12-11,2008109.0
2019-12-12,1158396.37
2019-12-13,1041170.0
2019-12-14,1319662.0
2019-12-15,1280579.0
2019-12-16,2274106.0
2019-12-17,4552419.42
2019-12-18,2970122.0
2019-12-19,2481269.0
2019-12-20,1990631.0
2019-12-21,1286672.0
2019-12-22,1259049.0
2019-12-23,1913866.0
2019-12-24,3848578.0
2019-12-25,4810712.65
2019-12-26,1559556.0
2019-12-27,828768.0
2019-12-28,726538.0
2019-12-29,1056803.0
2019-12-30,1072892.0
2019-12-31,1090390.0
2020-01-01,1254757.0
2020-01-02,1572575.0
2020-01-03,1179252.0
2020-01-04,848360.8
2020-01-05,1075980.0
2020-01-06,3153995.0
2020-01-07,1934218.0
2020-01-08,2939025.0
2020-01-09,1902026.0
2020-01-10,1538672.0
2020-01-11,2289111.0
2020-01-12,2025621.0
2020-01-13,1657042.0
2020-01-14,3482018.06
2020-01-15,3580282.46
2020-01-16,2946587.0
2020-01-17,3405448.0
2020-01-18,2778191.0
2020-01-19,2362133.0
2020-01-20,2817262.0
2020-01-21,2237122.54
2020-01-22,2615595.49
2020-01-23,1797761.0
2020-01-24,1964428.0
2020-01-25,1157164.0
2020-01-26,976557.0
2020-01-27,1627174.38
2020-01-28,2469166.0
2020-01-29,2274521.0
2020-01-30,2199369.0
2020-01-31,1846938.0
2020-02-01,1745195.0
2020-02-02,2704250.0
2020-02-03,3810615.0
2020-02-04,2422576.0
2020-02-05,4949628.0
2020-02-06,4267439.0
2020-02-07,3818647.0
2020-02-08,3400197.16
2020-02-09,5052932.0
2020-02-10,4080216.0
2020-02-11,5022329.0
2020-02-12,8573666.0
2020-02-13,6266847.0
2020-02-14,8472489.0
2020-02-15,10258208.0
2020-02-16,6317378.0
2020-02-17,5619872.0
2020-02-18,6869686.0
2020-02-19,9071324.0
2020-02-20,4793902.0
2020-02-21,4237487.0
2020-02-22,3912502.0
2020-02-23,3012271.0
2020-02-24,4351311.0
2020-02-25,5121840.01
2020-02-26,6886490.0
2020-02-27,6743254.0
2020-02-28,5265161.0
2020-02-29,3164324.0
2020-03-01,5002555.0
2020-03-02,3841185.0
2020-03-03,4144772.35
2020-03-04,3751214.0
2020-03-05,3716734.0
2020-03-06,3419149.0
2020-03-07,4295654.0
2020-03-08,7275172.0
2020-03-09,9968286.0
2020-03-10,6505288.0
2020-03-11,6149741.0
2020-03-12,32991588.0
2020-03-13,39750110.0
2020-03-14,8259516.0
2020-03-15,11348113.0
2020-03-16,17051304.0
2020-03-17,6984405.0
2020-03-18,3919650.0
2020-03-19,6685980.0
2020-03-20,7742189.0
2020-03-21,3060826.0
2020-03-22,3432003.0
2020-03-23,3751168.0
2020-03-24,3647704.0
2020-03-25,3134307.0
2020-03-26,2532102.0
2020-03-27,2861673.0
2020-03-28,2847677.0
2020-03-29,1489237.0
2020-03-30,1990968.0
2020-03-31,1745622.0
2020-04-01,1687890.0
2020-04-02,2507261.0
2020-04-03,2172568.0
2020-04-04,1621886.0
2020-04-05,1321291.91
2020-04-06,4832491.46
2020-04-07,5310537.0
2020-04-08,2958180.14
2020-04-09,2242311.87
2020-04-10,3471735.1
2020-04-11,1609718.8
2020-04-12,1981657.0
2020-04-13,2834329.0
2020-04-14,2816955.86
2020-04-15,2565361.0
2020-04-16,7223321.0
2020-04-17,2828962.0
2020-04-18,18676017.0
2020-04-19,5335005.0
2020-04-20,6692505.0
2020-04-21,6712768.0
2020-04-22,12387895.0
2020-04-23,8394273.01
2020-04-24,7102220.0
2020-04-25,7149857.0
2020-04-26,8648814.0
2020-04-27,7822417.0
2020-04-28,6196330.0
2020-04-29,13161299.01
2020-04-30,14115704.0
2020-05-01,7597484.0
2020-05-02,8671406.29
2020-05-03,8072855.0
2020-05-04,13391653.01
2020-05-05,8945351.0
2020-05-06,8536939.0
2020-05-07,7735269.0
2020-05-08,10701427.0
2020-05-09,12448717.0
2020-05-10,16642514.0
2020-05-11,11927693.0
2020-05-12,8188738.0
2020-05-13,9250658.0
2020-05-14,7878558.0
2020-05-15,7590959.0
2020-05-16,7416890.0
2020-05-17,13914893.0
2020-05-18,11629430.0
2020-05-19,13218720.05
2020-05-20,11229832.0
2020-05-21,7521473.0
2020-05-22,6657878.0
2020-05-23,5240014.0
2020-05-24,8345922.0
2020-05-25,3688439.74
2020-05-26,8313501.0
2020-05-27,6063067.0
2020-05-28,5264022.0
2020-05-29,12453335.0
2020-05-30,6869541.0
2020-05-31,6019119.0
2020-06-01,7191987.0
2020-06-02,10831231.0
2020-06-03,6601908.0
2020-06-04,6137124.0
2020-06-05,7082732.0
2020-06-06,7591605.06
2020-06-07,8010739.0
2020-06-08,8110229.0
2020-06-09,14898422.0
2020-06-10,11366142.0
2020-06-11,16042288.42
2020-06-12,8160952.9
2020-06-13,7358711.0
2020-06-14,6575981.0
2020-06-15,14786376.0
2020-06-16,9356075.04
2020-06-17,103470603.91
2020-06-18,59313495.36
2020-06-19,62665941.47
2020-06-20,14732945.02
2020-06-21,21808055.0
2020-06-22,27736103.32
2020-06-23,22823647.0
2020-06-24,26748927.0
2020-06-25,24572864.0
2020-06-26,21657147.0
2020-06-27,22152022.0
2020-06-28,15387725.0
2020-06-29,16875573.0
2020-06-30,16050846.07
2020-07-01,22241622.94
2020-07-02,24837179.0
2020-07-03,22778075.0
2020-07-04,16903532.82
2020-07-05,15483285.58
2020-07-06,19235357.0
2020-07-07,17416758.0
2020-07-08,22244721.0
2020-07-09,23757866.78
2020-07-10,21131109.0
2020-07-11,21669147.0
2020-07-12,30518925.0
2020-07-13,49069415.0
2020-07-14,29265417.0
2020-07-15,31097140.0
2020-07-16,29604748.0
2020-07-17,44544271.91
2020-07-18,46941843.0
2020-07-19,51945506.93
2020-07-20,58979110.04
2020-07-21,58519807.0
2020-07-22,69976083.67
2020-07-23,76389569.0
2020-07-24,79673046.49
2020-07-25,106736609.68
2020-07-26,110070187.0
2020-07-27,143853698.0
2020-07-28,96877574.0
2020-07-29,111169460.0
2020-07-30,131035649.76
2020-07-31,128858279.42
2020-08-01,109630651.0
2020-08-02,96384054.47
2020-08-03,93367247.0
2020-08-04,92130615.0
2020-08-05,85807259.0
2020-08-06,89162197.0
2020-08-07,136270031.93
2020-08-08,136575305.0
2020-08-09,157961583.0
2020-08-10,246450295.0
2020-08-11,185110774.0
2020-08-12,297472127.0
2020-08-13,286635402.0
2020-08-14,222242929.0
2020-08-15,176972565.0
2020-08-16,184560529.0
2020-08-17,194691618.79
2020-08-18,246995592.0
2020-08-19,230189344.0
2020-08-20,248811053.0
2020-08-21,277459083.0
2020-08-22,185316465.0
2020-08-23,177185724.0
2020-08-24,212871660.0
2020-08-25,204123308.0
2020-08-26,219129695.0
2020-08-27,181249735.0
2020-08-28,249995938.0
2020-08-29,345413203.0
2020-08-30,555654999.54
2020-08-31,636946009.0
2020-09-01,1022514375.52
2020-09-02,1065175129.0
2020-09-03,1043791398.0
2020-09-04,997061987.0
2020-09-05,1131111977.0
2020-09-06,869969607.0
2020-09-07,611212267.0
2020-09-08,514047409.0
2020-09-09,584972769.0
2020-09-10,800514851.06
2020-09-11,614103272.0
2020-09-12,614634473.0
2020-09-13,672757539.0
2020-09-14,714185208.19
2020-09-15,675156280.0
2020-09-16,601198920.0
2020-09-17,802516256.0
2020-09-18,775016368.0
2020-09-19,643112254.0
2020-09-20,519574429.0
2020-09-21,628782000.0
2020-09-22,475188971.0
2020-09-23,489403641.0
2020-09-24,406187680.0
2020-09-25,357664869.0
2020-09-26,333426766.0
2020-09-27,424474357.0
2020-09-28,404660959.0
2020-09-29,532491865.0
2020-09-30,400213044.0
2020-10-01,499116355.0
2020-10-02,574987187.0
2020-10-03,371082265.63
2020-10-04,437876338.0
2020-10-05,365672440.0
2020-10-06,534424028.0
2020-10-07,457255021.0
2020-10-08,452966979.0
2020-10-09,386911154.0
2020-10-10,335749076.0
2020-10-11,293739362.0
2020-10-12,375012769.0
2020-10-13,306046757.0
2020-10-14,308338802.0
2020-10-15,301288519.0
2020-10-16,276127133.0
2020-10-17,206563201.0
2020-10-18,220069868.0
2020-10-19,245209575.0
2020-10-20,282862537.0
2020-10-21,383740417.0
2020-10-22,325788450.0
2020-10-23,290865351.0
2020-10-24,190640272.0
2020-10-25,212785889.0
2020-10-26,2286474466.0
2020-10-27,293569223.0
2020-10-28,484576820.0
2020-10-29,421976697.0
2020-10-30,441868682.0
2020-10-31,287069796.0
2020-11-01,233099788.0
2020-11-02,286423848.0
2020-11-03,299702209.0
2020-11-04,297874040.0
2020-11-05,382457180.0
2020-11-06,464334736.0
2020-11-07,550253784.0
2020-11-08,272361954.0
2020-11-09,316242936.0
2020-11-10,314211489.0
2020-11-11,310731639.0
2020-11-12,292201093.0
2020-11-13,331045817.0
2020-11-14,475000700.0
2020-11-15,331472122.0
2020-11-16,386288399.0
2020-11-17,525285897.0
2020-11-18,464352434.0
2020-11-19,407157965.91
2020-11-20,468379103.0
2020-11-21,582980760.24
2020-11-22,682696701.24
2020-11-23,542853979.0
2020-11-24,616125895.0
2020-11-25,493764259.0
2020-11-26,1052563252.0
2020-11-27,380086113.0
2020-11-28,272515363.26
2020-11-29,286053405.0
2020-11-30,461693295.0
2020-12-01,554177955.0
2020-12-02,436015941.0
2020-12-03,430000045.0
2020-12-04,455280501.0
2020-12-05,399495535.13
2020-12-06,493216952.0
2020-12-07,416558405.0
2020-12-08,550177757.0
2020-12-09,496067511.0
2020-12-10,431134384.0
2020-12-11,424179794.44
2020-12-12,326735343.0
2020-12-13,321957266.0
2020-12-14,350781773.0
2020-12-15,406906691.0
2020-12-16,467571940.0
2020-12-17,1157082330.0
2020-12-18,464637777.0
2020-12-19,482565186.0
2020-12-20,458740205.0
2020-12-21,601023143.0
2020-12-22,559238996.0
2020-12-23,701526221.0
2020-12-24,616081794.0
2020-12-25,508154689.0
2020-12-26,504331552.0
2020-12-27,762948349.0
2020-12-28,746998534.0
2020-12-29,795637748.0
2020-12-30,798644292.0
2020-12-31,758932705.0
2021-01-01,729286271.03
2021-01-02,852132362.0
2021-01-03,1384571334.0
2021-01-04,1760672304.0
2021-01-05,1461982394.0
2021-01-06,1413566366.0
2021-01-07,1434981885.0
2021-01-08,1638451089.0
2021-01-09,1330649256.0
2021-01-10,1392378833.0
2021-01-11,2394135397.0
2021-01-12,1271965850.11
2021-01-13,1036376587.0
2021-01-14,1107478317.0
2021-01-15,1411410420.0
2021-01-16,1270943598.0
2021-01-17,1162660881.0
2021-01-18,1147898538.0
2021-01-19,1766640334.0
2021-01-20,1354890478.0
2021-01-21,1655814123.0
2021-01-22,1522023778.0
2021-01-23,1207978294.0
2021-01-24,1373667796.35
2021-01-25,1767367543.0
2021-01-26,1559097805.0
2021-01-27,1557276306.0
2021-01-28,1347284599.0
2021-01-29,2081537081.0
2021-01-30,1501634355.0
2021-01-31,1533080633.0
2021-02-01,1715442404.85
2021-02-02,1878505918.0
2021-02-03,1695232071.0
2021-02-04,2479731418.0
2021-02-05,2168752892.0
2021-02-06,2122375289.0
2021-02-07,1860192261.0
2021-02-08,2231187975.0
2021-02-09,2288759247.0
2021-02-10,2662035028.0
2021-02-11,2027220085.0
2021-02-12,2164531307.0
2021-02-13,2053358988.0
2021-02-14,1978475806.0
2021-02-15,2620029895.0
2021-02-16,2164660304.0
2021-02-17,2702507363.0
2021-02-18,2844038454.0
2021-02-19,3951720999.0
2021-02-20,4066163829.0
2021-02-21,2811071641.0
2021-02-22,4151802385.0
2021-02-23,5372439705.0
2021-02-24,3287428504.0
2021-02-25,2603689551.0
2021-02-26,2939711386.0
2021-02-27,2082260806.81
2021-02-28,2750239944.0
2021-03-01,2500512049.0
2021-03-02,2435451435.0
2021-03-03,2132390337.0
2021-03-04,2544234206.83
2021-03-05,2408704845.0
2021-03-06,1917303850.0
2021-03-07,2437169928.0
2021-03-08,2400868908.0
2021-03-09,2766844530.0
2021-03-10,2528917455.0
2021-03-11,2523884073.0
2021-03-12,2516411003.0
2021-03-13,2439594971.0
2021-03-14,2187189497.0
2021-03-15,2514613604.0
2021-03-16,2388975311.0
2021-03-17,2466767571.0
2021-03-18,2139108670.0
2021-03-19,2165442036.0
2021-03-20,1997269666.0
2021-03-21,2220613413.0
2021-03-22,2928871625.0
2021-03-23,2598685992.0
2021-03-24,2964595962.0
2021-03-25,3090531429.0
2021-03-26,2421009389.0
2021-03-27,2372309851.0
2021-03-28,2928720152.0
2021-03-29,1921409625.0
2021-03-30,2009420190.0
2021-03-31,2222836182.0
2021-04-01,4284651801.0
2021-04-02,4600931536.0
2021-04-03,3006494514.0
2021-04-04,2635189084.0
2021-04-05,3386881196.0
2021-04-06,3982643376.0
2021-04-07,4461184370.0
2021-04-08,4016159902.0
2021-04-09,4222613176.0
2021-04-10,3294280123.0
2021-04-11,3003636445.0
2021-04-12,4540609927.0
2021-04-13,3950131090.0
2021-04-14,4092666733.0
2021-04-15,3723124810.0
2021-04-16,3899570182.0
2021-04-17,3493979334.0
2021-04-18,5734574197.0
2021-04-19,4460337379.57
2021-04-20,7024753025.0
2021-04-21,5035662260.0
2021-04-22,5439670033.0
2021-04-23,5489064799.0
2021-04-24,5191490412.0
2021-04-25,6519868678.0
2021-04-26,5206745486.0
2021-04-27,5553418055.0
2021-04-28,5107540113.0
2021-04-29,6032753173.0
2021-04-30,5390262469.0
2021-05-01,5264854417.0
2021-05-02,5292332889.0
2021-05-03,6663185252.0
2021-05-04,7336190930.0
2021-05-05,5516671746.0
2021-05-06,5893201823.0
2021-05-07,10515042883.0
2021-05-08,7909720438.0
2021-05-09,7450223994.0
2021-05-10,9653036452.0
2021-05-11,9249152779.0
2021-05-12,12025511465.0
2021-05-13,12355806430.0
2021-05-14,8455952158.0
2021-05-15,8367200934.0
2021-05-16,8546234486.0
2021-05-17,9838668922.0
2021-05-18,9495658233.0
2021-05-19,24638569992.0
2021-05-20,17315928386.0
2021-05-21,12983925756.0
2021-05-22,7481145350.0
2021-05-23,11659759600.0
2021-05-24,8830722146.0
2021-05-25,7532242688.0
2021-05-26,7289872359.0
2021-05-27,6393037171.0
2021-05-28,6485271070.0
2021-05-29,12449898534.0
2021-05-30,4388404621.0
2021-05-31,4433968297.0
2021-06-01,4546923141.0
2021-06-02,4281107740.0
2021-06-03,4493520842.0
2021-06-04,5676781311.0
2021-06-05,3976043296.0
2021-06-06,2551411581.0
2021-06-07,4138723942.0
2021-06-08,5473892569.0
2021-06-09,4738886991.0
2021-06-10,3827176327.0
2021-06-11,4115208465.0
2021-06-12,3745486564.0
2021-06-13,3473534083.57
2021-06-14,3818507653.0
2021-06-15,3699137317.0
2021-06-16,5611109474.0
2021-06-17,3898420476.0
2021-06-18,3620576155.0
2021-06-19,2596162317.0
2021-06-20,3051624688.0
2021-06-21,5808298425.0
2021-06-22,6315184343.0
2021-06-23,3666034648.0
2021-06-24,2936635912.0
2021-06-25,3394150872.0
2021-06-26,2776791464.0
2021-06-27,2509407921.0
2021-06-28,3888763722.0
2021-06-29,2999201601.0
2021-06-30,2991275687.0
2021-07-01,4117532469.0
2021-07-02,2589056790.0
2021-07-03,2188046291.0
2021-07-04,3058597601.93
2021-07-05,2881516988.47
2021-07-06,3776697383.0
2021-07-07,3020433183.0
2021-07-08,3078009957.0
2021-07-09,2959507926.0
2021-07-10,2285180251.28
2021-07-11,1787377666.0
2021-07-12,2514834683.0
2021-07-13,2623690552.0
2021-07-14,3233602147.0
2021-07-15,3438070921.0
2021-07-16,2973797068.0
2021-07-17,2161728241.0
2021-07-18,2381842735.0
2021-07-19,2505314903.0
2021-07-20,3276541003.0
2021-07-21,3346472475.0
2021-07-22,2842406539.0
2021-07-23,2758144272.0
2021-07-24,2938842264.0
2021-07-25,2550225146.0
2021-07-26,5840198088.0
2021-07-27,3882622489.0
2021-07-28,3904757914.0
2021-07-29,3078976449.0
2021-07-30,3551943999.0
2021-07-31,2904109885.0
2021-08-01,3740608891.0
2021-08-02,3398492214.0
2021-08-03,3607102835.0
2021-08-04,4018587102.0
2021-08-05,4306320619.0
2021-08-06,3694357315.0
2021-08-07,4447245290.0
2021-08-08,4384462129.0
2021-08-09,4882856155.0
2021-08-10,4096432646.0
2021-08-11,4670371996.0
2021-08-12,4372650856.0
2021-08-13,3594289724.0
2021-08-14,3088748878.0
2021-08-15,3429749318.0
2021-08-16,4553499533.0
2021-08-17,5593127026.0
2021-08-18,5055833249.0
2021-08-19,4938110651.0
2021-08-20,4591753986.0
2021-08-21,4228662132.0
2021-08-22,3880019006.0
2021-08-23,5088649590.0
2021-08-24,6228710702.0
2021-08-25,5884776981.0
2021-08-26,5706166305.0
2021-08-27,4899255994.0
2021-08-28,3459184848.0
2021-08-29,3952816709.0
2021-08-30,5368328371.0
2021-08-31,5420714031.0
2021-09-01,5640173820.0
2021-09-02,4880928807.0
2021-09-03,5295648966.0
2021-09-04,4457602884.0
2021-09-05,4014753262.0
2021-09-06,4834937544.0
2021-09-07,9966820536.0
2021-09-08,7146663505.0
2021-09-09,5318428517.0
2021-09-10,5632365607.0
2021-09-11,3866039140.0
2021-09-12,4000928479.0
2021-09-13,5245933313.0
2021-09-14,4053271984.0
2021-09-15,4588272191.0
2021-09-16,5219712969.0
2021-09-17,4463628790.0
2021-09-18,3663480937.0
2021-09-19,3546941244.0
2021-09-20,7492299148.0
2021-09-21,6948786820.0
2021-09-22,5216987412.0
2021-09-23,4228304910.0
2021-09-24,5747803150.0
2021-09-25,3865234383.0
2021-09-26,5140107316.0
2021-09-27,4247545800.0
2021-09-28,3997832176.0
2021-09-29,4047343563.0
2021-09-30,4048762643.0
2021-10-01,4548665019.0
2021-10-02,3953405784.0
2021-10-03,3590051812.0
2021-10-04,4764613403.0
2021-10-05,4852955199.0
2021-10-06,5957997155.0
2021-10-07,6527085231.0
2021-10-08,5276652912.0
2021-10-09,4414337768.0
2021-10-10,5426733770.0
2021-10-11,6393234310.0
2021-10-12,6768386338.0
2021-10-13,6580436953.0
2021-10-14,6449254331.0
2021-10-15,7843362629.0
2021-10-16,5198064144.0
2021-10-17,5290431895.0
2021-10-18,5736816083.0
2021-10-19,5817656240.0
2021-10-20,6472661761.0
2021-10-21,7813398354.0
2021-10-22,6555811444.0
2021-10-23,5031009547.0
2021-10-24,5521458227.0
2021-10-25,6089679705.0
2021-10-26,8234483546.0
2021-10-27,10005144703.0
2021-10-28,9792695011.0
2021-10-29,8977756283.0
2021-10-30,7951526538.0
2021-10-31,7575277105.0
2021-11-01,7861694432.0
2021-11-02,8539381378.0
2021-11-03,9232772299.0
2021-11-04,9285758126.0
2021-11-05,8235231393.0
2021-11-06,7923835356.0
2021-11-07,8088898379.0
2021-11-08,9318690090.0
2021-11-09,8469021056.0
2021-11-10,12230004021.0
2021-11-11,9415913734.0
2021-11-12,9605619983.0
2021-11-13,7582502014.0
2021-11-14,7977611129.0
2021-11-15,9468721076.0
2021-11-16,12243475744.0
2021-11-17,10274124148.0
2021-11-18,12445014365.0
2021-11-19,9502746822.0
2021-11-20,9412001069.0
2021-11-21,9331498908.0
2021-11-22,10493322454.0
2021-11-23,10530314651.0
2021-11-24,11243168307.0
2021-11-25,10992231061.0
2021-11-26,13916195600.0
2021-11-27,8267529017.0
2021-11-28,9009717272.0
2021-11-29,9878530847.0
2021-11-30,12214204842.0
2021-12-01,11362597953.0
2021-12-02,11147287763.0
2021-12-03,11655871447.0
2021-12-04,15873642921.0
2021-12-05,10195899729.0
2021-12-06,12619349192.0
2021-12-07,9258505006.0
2021-12-08,8723159362.0
2021-12-09,9852634085.0
2021-12-10,10269127453.0
2021-12-11,7083754968.0
2021-12-12,5704724426.0
2021-12-13,8356068583.0
2021-12-14,7719752288.0
2021-12-15,8785147375.0
2021-12-16,6950241893.0
2021-12-17,8699516991.0
2021-12-18,7077696884.0
2021-12-19,6022628015.0
2021-12-20,7445173663.0
2021-12-21,6482295346.0
2021-12-22,6396036520.0
2021-12-23,7517819850.0
2021-12-24,6444661102.0
2021-12-25,5224640154.0
2021-12-26,5221486387.0
2021-12-27,5792537238.0
2021-12-28,7653257236.0
2021-12-29,6248527770.0
2021-12-30,5956842474.0
2021-12-31,6383284921.0
2022-01-01,5164681023.0
2022-01-02,4886742674.0
2022-01-03,5959466995.0
2022-01-04,6611405949.0
2022-01-05,9401250828.0
2022-01-06,7771734325.0
2022-01-07,8698291650.0
2022-01-08,6999635750.0
2022-01-09,4892493557.0
2022-01-10,8083987256.0
2022-01-11,6294707067.0
2022-01-12,6640703529.0
2022-01-13,6873481971.0
2022-01-14,5739191256.0
2022-01-15,4848521198.0
2022-01-16,5459808689.0
2022-01-17,7256978096.0
2022-01-18,6752816511.0
2022-01-19,6302815984.0
2022-01-20,6909421119.0
2022-01-21,13215400045.0
2022-01-22,12093845462.0
2022-01-23,7077153398.0
2022-01-24,9856202969.0
2022-01-25,6557407372.0
2022-01-26,8436065677.0
2022-01-27,8492084347.0
2022-01-28,6620889415.0
2022-01-29,4762368009.0
2022-01-30,4397512384.0
2022-01-31,5129254010.0
2022-02-01,4898086788.0
2022-02-02,4854565519.0
2022-02-03,4619590606.0
2022-02-04,5533044021.0
2022-02-05,5106505583.0
2022-02-06,4232855208.0
2022-02-07,5924836347.0
2022-02-08,6391048347.0
2022-02-09,5297335332.0
2022-02-10,6849696012.0
2022-02-11,6946932220.0
2022-02-12,4948620553.0
2022-02-13,3763691891.0
2022-02-14,4380051644.0
2022-02-15,5378980934.0
2022-02-16,5210854266.0
2022-02-17,6103867001.0
2022-02-18,5239255662.0
2022-02-19,3942255799.0
2022-02-20,5032780481.0
2022-02-21,6338198201.0
2022-02-22,5772693128.0
2022-02-23,5717182390.0
2022-02-24,10411173355.0
2022-02-25,7266004701.0
2022-02-26,6139642766.0
2022-02-27,6680346793.0
2022-02-28,6946144354.0
2022-03-01,6955239492.0
2022-03-02,6593252644.0
2022-03-03,5834536470.0
2022-03-04,5928297231.0
2022-03-05,4005735189.0
2022-03-06,4706985812.0
2022-03-07,5504397962.0
2022-03-08,4733531925.0
2022-03-09,5251737615.0
2022-03-10,4652395334.0
2022-03-11,4656612631.0
2022-03-12,3411549038.0
2022-03-13,3705646593.0
2022-03-14,4164240108.0
2022-03-15,4370878686.0
2022-03-16,5294600291.0
2022-03-17,5118911765.0
2022-03-18,5244028332.0
2022-03-19,4353726367.0
2022-03-20,4036765980.0
2022-03-21,5792662002.0
2022-03-22,4840240449.0
2022-03-23,4413245596.0
2022-03-24,5347394039.0
2022-03-25,5703705462.0
2022-03-26,3443571005.0
2022-03-27,3873390662.0
2022-03-28,5756518128.0
2022-03-29,5819999595.0
2022-03-30,5631502738.0
2022-03-31,6177036970.0
2022-04-01,6995030401.0
2022-04-02,6800608736.0
2022-04-03,4955610668.0
2022-04-04,5433675464.0
2022-04-05,5202936348.0
2022-04-06,7346517727.0
2022-04-07,5830573884.0
2022-04-08,6645433153.0
2022-04-09,4428265556.0
2022-04-10,4233645845.0
2022-04-11,7310965976.0
2022-04-12,6781212569.0
2022-04-13,4923897411.0
2022-04-14,4821424945.0
2022-04-15,3726903289.0
2022-04-16,3024686636.0
2022-04-17,3594492087.0
2022-04-18,4756644334.0
2022-04-19,4568962179.0
2022-04-20,4991138702.0
2022-04-21,5058806294.0
2022-04-22,4044855574.0
2022-04-23,2836990199.0
2022-04-24,3040054146.0
2022-04-25,5016477194.0
2022-04-26,4682786096.0
2022-04-27,4157258833.0
2022-04-28,5318516424.0
2022-04-29,5265293058.0
2022-04-30,5402587511.0
2022-05-01,4770415697.0
2022-05-02,4344554121.0
2022-05-03,3768807745.0
2022-05-04,4684090586.0
2022-05-05,5422875257.0
2022-05-06,5249015215.0
2022-05-07,4197102888.0
2022-05-08,5717998114.0
2022-05-09,10667028629.0
2022-05-10,11178635052.0
2022-05-11,17216121822.0
2022-05-12,15639251084.0
2022-05-13,7513961026.0
2022-05-14,5078686845.0
2022-05-15,3897665970.0
2022-05-16,4844055956.0
2022-05-17,3515888504.0
2022-05-18,3817980859.0
2022-05-19,4097908919.0
2022-05-20,3839181121.0
2022-05-21,2369387829.0
2022-05-22,2622316240.0
2022-05-23,3906242026.0
2022-05-24,3436703090.0
2022-05-25,3265092308.0
2022-05-26,5113644606.0
2022-05-27,4435676336.0
2022-05-28,2762360829.0
2022-05-29,2056773444.0
2022-05-30,3688450825.0
2022-05-31,3142782490.0
2022-06-01,3449948905.0
2022-06-02,2831377521.0
2022-06-03,2342432004.0
2022-06-04,1828672068.0
2022-06-05,1905085641.0
2022-06-06,2640226226.0
2022-06-07,3656715243.0
2022-06-08,3095438811.0
2022-06-09,2297423407.0
2022-06-10,3186923140.0
2022-06-11,3317946735.0
2022-06-12,3816023191.0
2022-06-13,8438033870.0
2022-06-14,6030318957.0
2022-06-15,6364889446.0
2022-06-16,3803939088.0
2022-06-17,2841194889.0
2022-06-18,4070134188.0
2022-06-19,3473995074.0
2022-06-20,3262927200.0
2022-06-21,2943310694.0
2022-06-22,2535531449.0
2022-06-23,2575110775.0
2022-06-24,2789900013.0
2022-06-25,1867957930.0
2022-06-26,1881221500.0
2022-06-27,1884794873.0
2022-06-28,2271812965.0
2022-06-29,2521249592.0
2022-06-30,2794039618.0
2022-07-01,2725923880.0
2022-07-02,1681166557.0
2022-07-03,1549919253.0
2022-07-04,2117675991.0
2022-07-05,2448171175.0
2022-07-06,2385786697.0
2022-07-07,2105292852.0
2022-07-08,2485490633.0
2022-07-09,1390898137.0
2022-07-10,1671973958.0
2022-07-11,1837670291.0
2022-07-12,2060018986.0
2022-07-13,2427422868.0
2022-07-14,2370280400.0
2022-07-15,2553840687.0
2022-07-16,2441718151.0
2022-07-17,2229134909.0
2022-07-18,3545316387.0
2022-07-19,3958593946.0
2022-07-20,3435117442.0
2022-07-21,2781869658.0
2022-07-22,2512549530.0
2022-07-23,2097083696.0
2022-07-24,2168552047.0
2022-07-25,2754493951.0
2022-07-26,2687244170.0
2022-07-27,3154939682.0
2022-07-28,3687940501.0
2022-07-29,3339740142.0
2022-07-30,2437495990.0
2022-07-31,2186207257.0
2022-08-01,2620091962.0
2022-08-02,3058419472.0
2022-08-03,2311992656.0
2022-08-04,2930354925.0
2022-08-05,2789678389.0
2022-08-06,1701738492.0
2022-08-07,1618942388.0
2022-08-08,2699680420.0
2022-08-09,2764146235.0
2022-08-10,3334181250.0
2022-08-11,3174737229.0
2022-08-12,2278298553.0
2022-08-13,2552230833.0
2022-08-14,2307487471.0
2022-08-15,3381334462.0
2022-08-16,2742476722.0
2022-08-17,3303465875.0
2022-08-18,2329181181.0
2022-08-19,4504728559.0
2022-08-20,2976964963.0
2022-08-21,2633987544.0
2022-08-22,2868282359.0
2022-08-23,3124235504.0
2022-08-24,2475949177.0
2022-08-25,2299733920.0
2022-08-26,3479313791.0
2022-08-27,2389336947.0
2022-08-28,2180212952.0
2022-08-29,2835436244.0
2022-08-30,3464977804.0
2022-08-31,3220568382.0
2022-09-01,3138096805.0
2022-09-02,2656136321.0
2022-09-03,1680346011.0
2022-09-04,1880072629.0
2022-09-05,2101402551.0
2022-09-06,3494105203.0
2022-09-07,3038120845.0
2022-09-08,2585588009.0
2022-09-09,2815745970.0
2022-09-10,1988212647.0
2022-09-11,1829326494.0
2022-09-12,2686051724.0
2022-09-13,3869621013.0
2022-09-14,2983367642.0
2022-09-15,3401190266.0
2022-09-16,2289410714.0
2022-09-17,1413811908.0
2022-09-18,1920961833.0
2022-09-19,2787456489.0
2022-09-20,2308814771.0
2022-09-21,2689088303.0
2022-09-22,2057342102.0
2022-09-23,2200385751.0
2022-09-24,1512113608.0
2022-09-25,1222755473.0
2022-09-26,1849599040.0
2022-09-27,2319776616.0
2022-09-28,2358457671.0
2022-09-29,1979196690.0
2022-09-30,2318259621.0
2022-10-01,1608997891.0
2022-10-02,1278108979.0
2022-10-03,2135692009.0
2022-10-04,1809566254.0
2022-10-05,1828174258.0
2022-10-06,2028822226.0
2022-10-07,1605855468.0
2022-10-08,899478797.0
2022-10-09,900450833.0
2022-10-10,1431041533.0
2022-10-11,2755459161.0
2022-10-12,1078464851.0
2022-10-13,2361878274.0
2022-10-14,2026131623.0
2022-10-15,1094789581.0
2022-10-16,1139001914.0
2022-10-17,1865591377.0
2022-10-18,1816114661.0
2022-10-19,1509281990.0
2022-10-20,1548738239.0
2022-10-21,1914645543.0
2022-10-22,1049550483.0
2022-10-23,1393107530.0
2022-10-24,1960033284.0
2022-10-25,3176223535.0
2022-10-26,3124054417.0
2022-10-27,2875463589.0
2022-10-28,2674031453.0
2022-10-29,2772106710.0
2022-10-30,2137326129.0
2022-10-31,2884517508.0
2022-11-01,1973919534.0
2022-11-02,3388263490.0
2022-11-03,2341500125.0
2022-11-04,3731028517.0
2022-11-05,2065180851.0
2022-11-06,2344410193.0
2022-11-07,3194965033.0
2022-11-08,8920042222.0
2022-11-09,10991379280.0
2022-11-10,11684466429.0
2022-11-11,5285866933.0
2022-11-12,4000215875.0
2022-11-13,2910247632.0
2022-11-14,3702350747.0
2022-11-15,2798437730.0
2022-11-16,2588308390.0
2022-11-17,2232077910.0
2022-11-18,1663152539.0
2022-11-19,1639039522.0
2022-11-20,2475913527.0
2022-11-21,3482268118.0
2022-11-22,3152467135.0
2022-11-23,3052216447.0
2022-11-24,2530923698.0
2022-11-25,1885330012.0
2022-11-26,1800800703.0
2022-11-27,1466604208.0
2022-11-28,2045992528.0
2022-11-29,1836899841.0
2022-11-30,2663729271.0
2022-12-01,1909608626.0
2022-12-02,1938584892.0
2022-12-03,1218063652.0
2022-12-04,1252014082.0
2022-12-05,1631895461.0
2022-12-06,1635156888.0
2022-12-07,1499553791.0
2022-12-08,1427316847.0
2022-12-09,1397602673.0
2022-12-10,1739233410.0
2022-12-11,1002982574.0
2022-12-12,1584869039.0
2022-12-13,3127229845.0
2022-12-14,2257961624.0
2022-12-15,1575454839.0
2022-12-16,2447049824.0
2022-12-17,1486256884.0
2022-12-18,916500399.0
2022-12-19,1447234959.0
2022-12-20,1593919981.0
2022-12-21,1201462864.0
2022-12-22,1297619090.0
2022-12-23,1185950091.0
2022-12-24,668810964.0
2022-12-25,967973694.0
2022-12-26,943470463.0
2022-12-27,1177805509.0
2022-12-28,1511632504.0
2022-12-29,1321428210.0
2022-12-30,1064973546.0
2022-12-31,982146112.0
2023-01-01,659150528.0
2023-01-02,862270062.0
2023-01-03,961026246.0
2023-01-04,1641107285.0
2023-01-05,1303791149.0
2023-01-06,1517380784.0
2023-01-07,834643918.0
2023-01-08,1179207096.0
2023-01-09,2262567907.0
2023-01-10,1536072738.0
2023-01-11,1818928780.0
2023-01-12,2960272485.0
2023-01-13,2673320011.0
2023-01-14,3616726470.0
2023-01-15,2256015482.0
2023-01-16,2440783129.0
2023-01-17,2253151441.0
2023-01-18,3505659278.0
2023-01-19,1967597947.0
2023-01-20,2182059734.0
2023-01-21,2723308209.0
2023-01-22,2130472675.0
2023-01-23,2425089763.0
2023-01-24,2608781018.0
2023-01-25,3107762895.0
2023-01-26,2351789097.0
2023-01-27,2688662715.0
2023-01-28,1796868656.0
2023-01-29,2014716376.0
2023-01-30,2546163498.0
2023-01-31,2036195388.0
2023-02-01,2745012912.0
2023-02-02,3452066616.0
2023-02-03,2836696819.0
2023-02-04,1990269134.0
2023-02-05,2352006684.0
2023-02-06,2478108652.0
2023-02-07,3265732777.0
2023-02-08,2976799447.0
2023-02-09,4001026303.0
2023-02-10,3796052424.0
2023-02-11,2625283978.0
2023-02-12,2069054105.0
2023-02-13,3280777989.0
2023-02-14,3305332546.0
2023-02-15,3271723526.0
2023-02-16,4439512353.0
2023-02-17,3582905516.0
2023-02-18,2062566587.0
2023-02-19,2573788415.0
2023-02-20,2672522304.0
2023-02-21,3265597667.0
2023-02-22,3130386537.0
2023-02-23,2727584028.0
2023-02-24,2907205855.0
2023-02-25,1731560494.0
2023-02-26,1587677333.0
2023-02-27,2314984870.0
2023-02-28,2260847511.0
2023-03-01,2644102173.0
2023-03-02,2609224872.0
2023-03-03,2829939481.0
2023-03-04,1397469208.0
2023-03-05,1684221810.0
2023-03-06,1988924175.0
2023-03-07,2746852200.0
2023-03-08,2395009346.0
2023-03-09,2889860463.0
2023-03-10,7088629182.0
2023-03-11,6829460634.0
2023-03-12,7837276102.0
2023-03-13,8525750904.0
2023-03-14,6031029322.0
2023-03-15,4842955043.0
2023-03-16,2707717626.0
2023-03-17,4270919875.0
2023-03-18,3537115285.0
2023-03-19,2902004559.0
2023-03-20,3646137893.0
2023-03-21,3118341931.0
2023-03-22,4464192623.0
2023-03-23,3919356445.0
2023-03-24,3827464494.0
2023-03-25,2086681903.0
2023-03-26,2064103342.0
2023-03-27,2885139251.0
2023-03-28,2499170446.0
2023-03-29,3180689282.0
2023-03-30,3118463493.0
2023-03-31,2585407125.0
2023-04-01,1727098163.0
2023-04-02,1842363587.0
2023-04-03,2927181761.0
2023-04-04,2513130447.0
2023-04-05,2570289366.0
2023-04-06,2064070068.0
2023-04-07,1447197860.0
2023-04-08,1327144687.0
2023-04-09,1460063409.0
2023-04-10,1913311960.0
2023-04-11,2240099745.0
2023-04-12,2700431269.0
2023-04-13,2964484464.0
2023-04-14,3975470905.0
2023-04-15,2142083764.0
2023-04-16,2219874227.0
2023-04-17,2555630922.0
2023-04-18,3163346701.0
2023-04-19,3811126238.0
2023-04-20,3160628656.0
2023-04-21,3278109201.0
2023-04-22,1587058516.0
2023-04-23,1537581214.0
2023-04-24,2177175189.0
2023-04-25,2239716530.0
2023-04-26,3528633795.0
2023-04-27,3340390594.0
2023-04-28,1861667701.0
2023-04-29,1226107123.0
2023-04-30,1836820545.0
2023-05-01,2434321530.0
2023-05-02,2145681983.0
2023-05-03,2377135638.0
2023-05-04,1954295842.0
2023-05-05,3360523796.0
2023-05-06,3221602925.0
2023-05-07,1987237437.0
2023-05-08,3322113562.0
2023-05-09,2073497751.0
2023-05-10,2904130420.0
2023-05-11,2735471430.0
2023-05-12,2691412962.0
2023-05-13,1336593235.0
2023-05-14,1087014276.0
2023-05-15,1628092743.0
2023-05-16,1440927023.0
2023-05-17,1777057448.0
2023-05-18,1777426093.0
2023-05-19,1418657762.0
2023-05-20,965617651.0
2023-05-21,1217027379.0
2023-05-22,1547782873.0
2023-05-23,2133676150.0
2023-05-24,1987197759.0
2023-05-25,1602864253.0
2023-05-26,1428633054.0
2023-05-27,922170405.0
2023-05-28,1788790570.0
2023-05-29,2154044097.0
2023-05-30,1751366299.0
2023-05-31,1802339291.0
2023-06-01,1606704505.0
2023-06-02,1659009473.0
2023-06-03,1106101721.0
2023-06-04,1026145427.0
2023-06-05,2900476509.0
2023-06-06,2611425921.0
2023-06-07,2418426761.0
2023-06-08,1647637974.0
2023-06-09,1630753700.0
2023-06-10,3833760696.0
2023-06-11,1278773867.0
2023-06-12,2164034698.0
2023-06-13,1948224510.0
2023-06-14,2365399510.0
2023-06-15,2429293200.0
2023-06-16,1968520264.0
2023-06-17,1465691802.0
2023-06-18,1132649597.0
2023-06-19,1695317384.0
2023-06-20,2457239436.0
2023-06-21,3803232398.0
2023-06-22,2860381655.0
2023-06-23,2848568484.0
2023-06-24,1467061044.0
2023-06-25,1917019327.0
2023-06-26,2473130162.0
2023-06-27,2375949935.0
2023-06-28,2093837610.0
2023-06-29,1891771517.0
2023-06-30,3774267914.0
2023-07-01,1536835448.0
2023-07-02,1659096168.0
2023-07-03,2218355103.0
2023-07-04,1787006545.0
2023-07-05,2798533489.0
2023-07-06,2551556265.0
2023-07-07,2044046195.0
2023-07-08,1362768455.0
2023-07-09,1278119954.0
2023-07-10,2293010031.0
2023-07-11,1683775756.0
2023-07-12,1875762770.0
2023-07-13,3330569843.0
2023-07-14,3204451407.0
2023-07-15,1493766127.0
2023-07-16,1352481707.0
2023-07-17,2296182633.0
2023-07-18,1834389717.0
2023-07-19,1737533993.0
2023-07-20,1892706394.0
2023-07-21,1351700942.0
2023-07-22,1395554044.0
2023-07-23,1068581543.0
2023-07-24,1804064428.0
2023-07-25,1282672476.0
2023-07-26,1694453131.0
2023-07-27,1430169721.0
2023-07-28,1269217681.0
2023-07-29,919977036.0
2023-07-30,1976724867.0
2023-07-31,2193913641.0
2023-08-01,2603283271.0
2023-08-02,1991668300.0
2023-08-03,1528005222.0
2023-08-04,1603026459.0
2023-08-05,1623059421.0
2023-08-06,1103914374.0
2023-08-07,1852603415.0
2023-08-08,2128807014.0
2023-08-09,1762028031.0
2023-08-10,1502714755.0
2023-08-11,1243657763.0
2023-08-12,1034999088.0
2023-08-13,1587517987.0
2023-08-14,1507474393.0
2023-08-15,1786607529.0
2023-08-16,2008424985.0
2023-08-17,4193605502.0
2023-08-18,2781582792.0
2023-08-19,1518392328.0
2023-08-20,1199594814.0
2023-08-21,1748817639.0
2023-08-22,2490905906.0
2023-08-23,2005489351.0
2023-08-24,1520219572.0
2023-08-25,1757821404.0
2023-08-26,882396492.0
2023-08-27,923880106.0
2023-08-28,1590413173.0
2023-08-29,2664109921.0
2023-08-30,1492018223.0
2023-08-31,1997095154.0
2023-09-01,1961187013.0
2023-09-02,983921710.0
2023-09-03,956362288.0
2023-09-04,1221833457.0
2023-09-05,1321289175.0
2023-09-06,1701827514.0
2023-09-07,1417146480.0
2023-09-08,1425143109.0
2023-09-09,811772358.0
2023-09-10,1410181425.0
2023-09-11,2366722592.0
2023-09-12,2145190027.0
2023-09-13,1720866941.0
2023-09-14,1737111459.0
2023-09-15,1531737677.0
2023-09-16,1006172780.0
2023-09-17,966644058.0
2023-09-18,1835327734.0
2023-09-19,1548775731.0
2023-09-20,1514695271.0
2023-09-21,1545736475.0
2023-09-22,1149586719.0
2023-09-23,923699566.0
2023-09-24,875654383.0
2023-09-25,1544278371.0
2023-09-26,1235903791.0
2023-09-27,1809965434.0
2023-09-28,2072227996.0
2023-09-29,1786833179.0
2023-09-30,1413941490.0
2023-10-01,1911800533.0
2023-10-02,2780366793.0
2023-10-03,1961030401.0
2023-10-04,1774101961.0
2023-10-05,1769544143.0
2023-10-06,1562085766.0
2023-10-07,1033473776.0
2023-10-08,1285125231.0
2023-10-09,1669055626.0
2023-10-10,1502451561.0
2023-10-11,1877004014.0
2023-10-12,1642879395.0
2023-10-13,1457419958.0
2023-10-14,842769878.0
2023-10-15,1109687733.0
2023-10-16,2756129771.0
2023-10-17,1583578854.0
2023-10-18,1514224054.0
2023-10-19,1426074354.0
2023-10-20,2067074178.0
2023-10-21,1563655610.0
2023-10-22,1670798462.0
2023-10-23,3754091811.0
2023-10-24,4435203573.0
2023-10-25,2791184507.0
2023-10-26,3002451291.0
2023-10-27,2242922101.0
2023-10-28,1262261077.0
2023-10-29,1502425563.0
2023-10-30,2179953659.0
2023-10-31,2299212566.0
2023-11-01,3284278166.0
2023-11-02,3295034598.0
2023-11-03,2643915647.0
2023-11-04,1722120994.0
2023-11-05,2604706621.0
2023-11-06,2696929899.0
2023-11-07,2940329675.0
2023-11-08,2220839157.0
2023-11-09,5468248377.0
2023-11-10,4093179006.0
2023-11-11,3722769846.0
2023-11-12,3201613635.0
2023-11-13,4439738940.0
2023-11-14,4192833265.0
2023-11-15,4195942587.0
2023-11-16,4538493504.0
2023-11-17,3793478879.0
2023-11-18,2543427341.0
2023-11-19,2313830937.0
2023-11-20,3452663785.0
2023-11-21,4508950203.0
2023-11-22,3927526609.0
2023-11-23,2551557038.0
2023-11-24,2816471042.0
2023-11-25,1888882021.0
2023-11-26,2328676056.0
2023-11-27,2806942970.0
2023-11-28,2854467286.0
2023-11-29,2696108540.0
2023-11-30,2613622030.0
2023-12-01,2480632644.0
2023-12-02,2600863790.0
2023-12-03,2259121218.0
2023-12-04,4210403738.0
2023-12-05,4209538299.0
2023-12-06,4479611047.0
2023-12-07,4480172254.0
2023-12-08,4123360743.0
2023-12-09,4297066474.0
2023-12-10,2931819655.0
2023-12-11,6026851947.0
2023-12-12,4599976091.0
2023-12-13,4488415120.0
2023-12-14,4375258459.0
2023-12-15,4546079385.0
2023-12-16,3719508487.0
2023-12-17,3177261680.0
2023-12-18,4320980903.0
2023-12-19,4024337147.0
2023-12-20,4932710215.0
2023-12-21,5057181573.0
2023-12-22,6820872623.0
2023-12-23,4236286853.0
2023-12-24,4881377185.0
2023-12-25,4290174186.0
2023-12-26,5478396870.0
2023-12-27,5740162090.0
2023-12-28,6359412591.0
2023-12-29,5193579032.0
2023-12-30,3124754115.0
2023-12-31,3163685751.0
2024-01-01,2652825594.0
2024-01-02,4949823776.0
2024-01-03,7408261366.0
2024-01-04,5389618997.0
2024-01-05,5068578107.0
2024-01-06,3015018394.0
2024-01-07,3023890005.0
2024-01-08,5589146799.0
2024-01-09,6367322082.0
2024-01-10,7722192197.0
2024-01-11,6683409298.0
2024-01-12,6902966525.0
2024-01-13,3638108104.0
2024-01-14,3277821123.0
2024-01-15,3583882712.0
2024-01-16,3515667388.0
2024-01-17,3631008638.0
2024-01-18,4019517309.0
2024-01-19,4170989250.0
2024-01-20,2360717824.0
2024-01-21,2324751500.0
2024-01-22,4495710518.0
2024-01-23,5057493785.0
2024-01-24,3152651377.0
2024-01-25,3209228551.0
2024-01-26,3320904072.0
2024-01-27,2131669886.0
2024-01-28,2502425403.0
2024-01-29,3294133964.0
2024-01-30,3496452252.0
2024-01-31,4455473282.0
2024-02-01,3452748727.0
2024-02-02,3134958205.0
2024-02-03,2191467751.0
2024-02-04,2095257428.0
2024-02-05,2772063424.0
2024-02-06,2782746476.0
2024-02-07,3213437883.0
2024-02-08,3355780516.0
2024-02-09,3872328997.0
2024-02-10,2480016392.0
2024-02-11,2902396708.0
2024-02-12,3806659377.0
2024-02-13,3707123586.0
2024-02-14,3775474501.0
2024-02-15,4308563758.0
2024-02-16,3673493990.0
2024-02-17,2653036276.0
2024-02-18,2868989101.0
2024-02-19,3870683230.0
2024-02-20,4913407736.0
2024-02-21,4531421257.0
2024-02-22,4408592884.0
2024-02-23,3864663839.0
2024-02-24,3155423148.0
2024-02-25,3678850103.0
2024-02-26,5355583091.0
2024-02-27,6564049331.0
2024-02-28,9470118462.0
2024-02-29,8746568548.0
2024-03-01,6517621532.0
2024-03-02,5871820816.0
2024-03-03,6508808569.0
2024-03-04,8511600414.0
2024-03-05,13802678591.0
2024-03-06,12318993413.0
2024-03-07,10081446053.0
2024-03-08,8360842896.0
2024-03-09,5399316038.0
2024-03-10,6999100253.0
2024-03-11,9066118337.0
2024-03-12,9117768905.0
2024-03-13,8294995267.0
2024-03-14,10071620887.0
2024-03-15,13392896280.0
2024-03-16,10682735037.0
2024-03-17,9290625651.0
2024-03-18,9430029523.0
2024-03-19,12132052986.0
2024-03-20,8614795070.0
2024-03-21,6658048783.0
2024-03-22,7773986330.0
2024-03-23,4610281979.0
2024-03-24,5102791701.0
2024-03-25,7842835064.0
2024-03-26,7679240498.0
2024-03-27,7865420264.0
2024-03-28,6913288058.0
2024-03-29,6700325447.0
2024-03-30,5146298546.0
2024-03-31,4756323188.0
2024-04-01,6664896223.0
2024-04-02,9232502949.0
2024-04-03,7188007417.0
2024-04-04,6763191690.0
2024-04-05,6131319178.0
2024-04-06,4154395239.0
2024-04-07,4752920384.0
2024-04-08,7619519112.0
2024-04-09,6641664126.0
2024-04-10,6499627221.0
2024-04-11,6225276068.0
2024-04-12,8461765550.0
2024-04-13,9845487663.0
2024-04-14,7608103180.0
2024-04-15,6730752064.0
2024-04-16,6444486062.0
2024-04-17,6035285450.0
2024-04-18,5762003939.0
2024-04-19,6865002316.0
2024-04-20,4225769081.0
2024-04-21,4501855458.0
2024-04-22,5616253957.0
2024-04-23,5004705502.0
2024-04-24,6617705214.0
2024-04-25,5516303847.0
2024-04-26,4967400382.0
2024-04-27,4673586475.0
2024-04-28,4197202530.0
2024-04-29,5037592786.0
2024-04-30,6224024086.0
2024-05-01,6694315970.0
2024-05-02,5169841608.0
2024-05-03,5082099754.0
2024-05-04,3920632204.0
2024-05-05,3440483251.0
2024-05-06,4769610627.0
2024-05-07,4620348406.0
2024-05-08,5069011608.0
2024-05-09,4383813839.0
2024-05-10,4361785338.0
2024-05-11,2753381321.0
2024-05-12,2618678996.0
2024-05-13,4287877190.0
2024-05-14,4424777474.0
2024-05-15,5537810647.0
2024-05-16,4862119664.0
2024-05-17,4970994938.0
2024-05-18,3820873162.0
2024-05-19,3495571257.0
2024-05-20,7636390251.0
2024-05-21,8733605310.0
2024-05-22,7053025074.0
2024-05-23,10111989619.0
2024-05-24,6738094578.0
2024-05-25,3747598221.0
2024-05-26,4527624334.0
2024-05-27,5562106046.0
2024-05-28,5592135889.0
2024-05-29,16459563447.0
2024-05-30,7834704715.0
2024-05-31,4734565206.0
2024-06-01,15763903033.0
2024-06-02,31245481978.0
2024-06-03,25894764962.0
2024-06-04,22751414933.0
2024-06-05,19558919923.0
2024-06-06,20983744905.0
2024-06-07,7516163384.0
2024-06-08,4942696065.0
2024-06-09,3694141148.0
2024-06-10,4813985305.0
2024-06-11,6867978513.0
2024-06-12,6667757455.0
2024-06-13,6056559612.0
2024-06-14,5749674518.0
2024-06-15,3582199050.0
2024-06-16,3495194410.0
2024-06-17,6031031568.0
2024-06-18,7489468149.0
2024-06-19,5215653613.0
2024-06-20,5256103131.0
2024-06-21,5498630690.0
2024-06-22,3442880072.0
2024-06-23,3178254706.0
2024-06-24,7257100577.0
2024-06-25,4963022007.0
2024-06-26,4750787194.0
2024-06-27,5607828227.0
2024-06-28,4974449246.0
2024-06-29,2777077829.0
2024-06-30,3155046509.0
2024-07-01,4498816449.0
2024-07-02,4094257951.0
2024-07-03,5423143229.0
2024-07-04,7278069187.0
2024-07-05,9486519354.0
2024-07-06,4910844620.0
2024-07-07,4620240082.0
2024-07-08,7467666814.0
2024-07-09,5895346701.0
2024-07-10,5804157708.0
2024-07-11,6482766155.0
2024-07-12,6012443494.0
2024-07-13,4120228105.0
2024-07-14,5454876252.0
2024-07-15,6821421408.0
2024-07-16,6927549143.0
2024-07-17,5978404692.0
2024-07-18,6026892919.0
2024-07-19,7229178860.0
2024-07-20,4738714779.0
2024-07-21,6071987038.0
2024-07-22,5628026678.0
2024-07-23,7405893825.0
2024-07-24,4564593660.0
2024-07-25,7223941364.0
2024-07-26,5043676446.0
2024-07-27,5457201424.0
2024-07-28,4191918609.0
2024-07-29,5792381436.0
2024-07-30,5385663062.0
2024-07-31,5692642801.0
2024-08-01,6176806829.0
2024-08-02,6805528723.0
2024-08-03,5970352463.0
2024-08-04,6950417686.0
2024-08-05,18224217405.0
2024-08-06,7384186571.0
2024-08-07,6848620274.0
2024-08-08,6291825568.0
2024-08-09,5019162234.0
2024-08-10,3395003753.0
2024-08-11,4446538936.0
2024-08-12,5793081512.0
2024-08-13,5064667859.0
2024-08-14,4007634514.0
2024-08-15,5195329181.0
2024-08-16,3841525290.0
2024-08-17,2635609041.0
2024-08-18,2867329128.0
2024-08-19,4227736679.0
2024-08-20,4628511759.0
2024-08-21,4794842409.0
2024-08-22,4741933454.0
2024-08-23,4331605460.0
2024-08-24,4001655191.0
2024-08-25,3788428522.0
2024-08-26,4667923028.0
2024-08-27,4920953131.0
2024-08-28,5719281463.0
2024-08-29,4141065164.0
2024-08-30,4053622224.0
2024-08-31,2248277576.0
2024-09-01,3494565504.0
2024-09-02,3473089411.0
2024-09-03,3897778610.0
2024-09-04,4876974078.0
2024-09-05,4029201180.0
2024-09-06,5568004428.0
2024-09-07,2846960273.0
2024-09-08,2886385201.0
2024-09-09,4039500102.0
2024-09-10,3605861188.0
2024-09-11,4330433770.0
2024-09-12,3568736649.0
2024-09-13,3387427416.0
2024-09-14,2679677203.0
2024-09-15,2599255747.0
2024-09-16,3652858542.0
2024-09-17,4199514294.0
2024-09-18,4403718836.0
2024-09-19,5001450963.0
2024-09-20,4641235141.0
2024-09-21,3621204653.0
2024-09-22,3286359058.0
2024-09-23,4913317273.0
2024-09-24,4733458710.0
2024-09-25,4913396903.0
2024-09-26,5856305519.0
2024-09-27,5550782158.0
2024-09-28,3875631139.0
2024-09-29,3998432117.0
2024-09-30,5638081542.0
2024-10-01,7509659579.0
2024-10-02,6373345324.0
2024-10-03,5908232128.0
2024-10-04,4851190748.0
2024-10-05,3243572786.0
2024-10-06,3787596202.0
2024-10-07,5583743269.0
2024-10-08,5561645343.0
2024-10-09,5240924513.0
2024-10-10,5385045909.0
2024-10-11,4884971701.0
2024-10-12,4358795034.0
2024-10-13,4833881176.0
2024-10-14,7578458411.0
2024-10-15,7765778459.0
2024-10-16,6373519029.0
2024-10-17,5806735778.0
2024-10-18,5826390478.0
2024-10-19,4241065825.0
2024-10-20,5731404452.0
2024-10-21,7034854777.0
2024-10-22,7084324560.0
2024-10-23,7802368874.0
2024-10-24,7068227191.0
2024-10-25,7969640239.0
2024-10-26,5789941016.0
2024-10-27,4744526380.0
2024-10-28,7162711710.0
2024-10-29,7603041873.0
2024-10-30,7382765285.0
2024-10-31,7132302000.0
2024-11-01,6943512883.0
2024-11-02,4750164221.0
2024-11-03,5809758100.0
2024-11-04,6294415716.0
2024-11-05,7454047448.0
2024-11-06,12774459413.0
2024-11-07,10673655748.0
2024-11-08,8999508044.0
2024-11-09,8681171074.0
2024-11-10,12668946238.0
2024-11-11,15961132954.0
2024-11-12,18605314462.0
2024-11-13,18922962448.0
2024-11-14,14784858386.0
2024-11-15,12456869218.0
2024-11-16,12148731745.0
2024-11-17,13429574266.0
2024-11-18,16678024803.0
2024-11-19,15561997587.0
2024-11-20,16331037063.0
2024-11-21,17695876716.0
2024-11-22,15272258502.0
2024-11-23,14598647876.0
2024-11-24,13719777199.0
2024-11-25,17175508090.0
2024-11-26,17221491249.0
2024-11-27,14153741071.0
2024-11-28,12467322043.0
2024-11-29,10814462485.0
2024-11-30,9974496769.0
2024-12-01,12618061907.0
2024-12-02,17010375893.0
2024-12-03,15647938464.0
2024-12-04,17430242364.0
2024-12-05,19347710724.0
2024-12-06,14877100133.0
2024-12-07,9382356112.0
2024-12-08,10768935894.0
2024-12-09,18145153934.0
2024-12-10,17773835288.0
2024-12-11,13511252154.0
2024-12-12,14925679199.0
2024-12-13,12104412310.0
2024-12-14,10076159198.0
2024-12-15,10583465835.0
2024-12-16,16229554291.0
2024-12-17,14631745284.0
2024-12-18,17348747933.0
2024-12-19,19232846347.0
2024-12-20,17806339406.0
2024-12-21,11878655083.0
2024-12-22,10458603481.0
2024-12-23,12180276018.0
2024-12-24,11850572427.0
2024-12-25,8871264732.0
2024-12-26,9783054718.0
2024-12-27,10032046202.0
2024-12-28,7966248202.0
2024-12-29,8576395389.0
2024-12-30,12642963470.0
2024-12-31,11065526346.0
2025-01-01,10069507996.0
2025-01-02,12837741573.0
2025-01-03,11545619916.0
2025-01-04,9585650519.0
2025-01-05,9549681282.0
2025-01-06,12967216798.0
2025-01-07,14232300202.0
2025-01-08,14260722036.0
2025-01-09,14052412756.0
2025-01-10,12805486610.0
2025-01-11,7799175361.0
2025-01-12,8150699379.0
2025-01-13,14702627064.0
2025-01-14,11252571687.0
2025-01-15,12575135171.0
2025-01-16,13092262243.0
2025-01-17,26645479835.0
2025-01-18,48457866071.0
2025-01-19,44819611698.0
2025-01-20,43913128175.0
2025-01-21,26050188274.0
2025-01-22,22805882543.0
2025-01-23,25108466353.0
2025-01-24,19812928732.0
2025-01-25,15348600211.0
2025-01-26,16479001309.0
2025-01-27,20728142271.0
2025-01-28,14943869956.0
2025-01-29,15087056303.0
2025-01-30,13414828812.0
2025-01-31,13747699416.0
2025-02-01,13931543994.0
2025-02-02,22002359549.0
2025-02-03,28777581691.0
2025-02-04,17654949335.0
2025-02-05,12971377300.0
2025-02-06,13380954284.0
2025-02-07,12069431616.0
2025-02-08,10350227514.0
2025-02-09,13073968106.0
2025-02-10,12156238252.0
2025-02-11,11722415270.0
2025-02-12,13220903889.0
2025-02-13,14174543858.0
2025-02-14,11531353603.0
2025-02-15,8284362362.0
2025-02-16,7863144015.0
2025-02-17,11416638182.0
2025-02-18,12304818729.0
2025-02-19,10280531827.0
2025-02-20,9802549513.0
2025-02-21,13873743477.0
2025-02-22,7777002369.0
2025-02-23,8833486380.0
2025-02-24,15536902321.0
2025-02-25,18498605432.0
2025-02-26,12662248447.0
2025-02-27,10867872611.0
2025-02-28,13886886904.99
2025-03-01,9269297244.0
2025-03-02,15827342200.0
2025-03-03,14841633254.0
2025-03-04,13178888326.0
2025-03-05,10174403267.0
2025-03-06,9529950679.0
2025-03-07,11735181787.0
2025-03-08,6451545679.0
2025-03-09,6987670950.0
2025-03-10,12248447469.0
2025-03-11,11369874861.0
2025-03-12,8872803449.87
2025-03-13,7136266834.0
2025-03-14,6080882469.0
2025-03-15,4349731762.0
2025-03-16,4782485613.0
2025-03-17,6157407872.0
2025-03-18,6224683432.0
2025-03-19,7787963597.58
2025-03-20,6533018668.0
2025-03-21,5912453448.0
2025-03-22,4025967744.0
2025-03-23,4696296793.0
2025-03-24,7102439985.0
2025-03-25,6743149954.0
2025-03-26,6986695281.0
2025-03-27,7071218210.0
2025-03-28,7778911918.0
2025-03-29,5648298121.0
2025-03-30,5036798771.0
2025-03-31,6586517011.0
2025-04-01,6527711129.09
2025-04-02,9021075002.0
2025-04-03,8768319680.0
2025-04-04,8394076843.0
2025-04-05,4117208082.0
2025-04-06,8106159048.0
2025-04-07,13404268895.0
2025-04-08,8205127008.95
2025-04-09,11726500316.0
2025-04-10,8512564177.0
2025-04-11,7884791102.0
2025-04-12,7044252649.0
2025-04-13,7621168298.0
2025-04-14,8564914757.0
2025-04-15,8001311852.0
2025-04-16,8813999959.0
2025-04-17,7465236913.0
2025-04-18,4955754079.0
2025-04-19,4797326727.0
2025-04-20,4840936570.0
2025-04-21,7592392107.0
2025-04-22,10122015687.0
2025-04-23,12231624441.0
2025-04-24,9102653535.0
2025-04-25,9839386329.0
2025-04-26,7558539406.0
2025-04-27,7220408303.0
2025-04-28,9540239096.0
2025-04-29,8587261166.0
2025-04-30,9175890920.0
2025-05-01,9453818015.0
2025-05-02,7799260975.0
2025-05-03,6538268681.0
2025-05-04,6960175021.0
2025-05-05,9893162043.0
2025-05-06,8255780575.0
2025-05-07,9062366832.0
2025-05-08,13587776552.0
2025-05-09,16337968996.0
2025-05-10,13179683667.0
2025-05-11,15171417313.0
2025-05-12,20219849372.0
2025-05-13,15092702920.0
2025-05-14,14682348066.0
2025-05-15,14688816965.0
2025-05-16,12029579809.0
2025-05-17,10312192416.0
2025-05-18,12203299873.0
2025-05-19,14867659349.0
2025-05-20,15590411878.0
2025-05-21,18707611536.0
2025-05-22,16235649250.0
2025-05-23,17526194561.0
2025-05-24,9022919938.0
2025-05-25,9984320395.0
2025-05-26,11918439887.0
2025-05-27,12606597186.0
2025-05-28,11641192422.0
2025-05-29,13713705507.29
2025-05-30,13978832538.0
2025-05-31,9974248143.0
2025-06-01,9051399859.46
2025-06-02,10463452012.9
2025-06-03,11454954271.0
2025-06-04,10070713502.0
2025-06-05,13587207724.0
2025-06-06,10435726793.0
2025-06-07,7077433296.0
2025-06-08,7392270113.74
2025-06-09,11774449214.0
2025-06-10,15253266522.0
2025-06-11,13403101254.0
2025-06-12,12994132593.0
2025-06-13,15271894677.0
2025-06-14,7827371871.0
2025-06-15,8634550312.0
2025-06-16,14524775644.07
2025-06-17,14083843145.0
2025-06-18,11847057960.3
2025-06-19,9431972454.0
2025-06-20,11325865835.0
2025-06-21,9954707269.0
2025-06-22,13293736517.0
2025-06-23,13685098210.0
2025-06-24,11471948639.0
2025-06-25,10915010044.0
2025-06-26,11182502569.0
2025-06-27,9331806461.0
2025-06-28,6882960168.0
2025-06-29,8458391236.0
2025-06-30,15041401374.0
2025-07-01,9559358838.0
2025-07-02,12312545832.0
2025-07-03,11296361637.0
2025-07-04,8991910669.0
2025-07-05,6738966426.0
2025-07-06,7809985312.0
2025-07-07,10392672919.0
2025-07-08,10381520983.0
2025-07-09,12638433690.0
2025-07-10,13897182320.0
2025-07-11,16346375555.0
2025-07-12,12118666020.0
2025-07-13,11453679294.0
2025-07-14,15920501906.0
2025-07-15,17394973082.0
2025-07-16,15473362322.0
2025-07-17,17589154827.0
2025-07-18,19185771877.0
2025-07-19,10925593827.0
2025-07-20,13990076828.0
2025-07-21,16799255660.0
2025-07-22,19626478932.0
2025-07-23,17192388532.0
2025-07-24,16921503339.0
2025-07-25,16373538974.0
2025-07-26,10379298143.0
2025-07-27,12949695150.0
2025-07-28,15935843933.0
2025-07-29,15495061986.0
2025-07-30,15936580430.0
2025-07-31,15031199799.0
2025-08-01,17710727186.0
2025-08-02,11986165156.0
2025-08-03,10786184820.0
2025-08-04,12630635518.0
2025-08-05,13128925167.0
2025-08-06,12565627690.0
2025-08-07,14252319274.0
2025-08-08,15229722525.0
2025-08-09,16246517186.0
2025-08-10,14256125097.0
2025-08-11,17787344933.0
2025-08-12,21128745475.0
2025-08-13,20786483206.0
2025-08-14,25184647161.0
2025-08-15,17572568271.0
2025-08-16,10886608059.0
2025-08-17,11327634466.0
2025-08-18,16981071127.0
2025-08-19,16214710517.0
2025-08-20,16283417143.0
2025-08-21,16146850198.0
2025-08-22,22677445928.0
2025-08-23,16717395610.0
2025-08-24,20966920244.0
2025-08-25,21451554434.0
2025-08-26,17783175428.0
2025-08-27,18215546305.0
2025-08-28,15701884597.0
2025-08-29,19444835057.0
2025-08-30,10303640798.0
2025-08-31,10731930804.0
2025-09-01,15567619178.0
2025-09-02,15077469879.0
2025-09-03,14270106351.0
2025-09-04,14840003442.0
2025-09-05,16898415999.0
2025-09-06,9653149736.0
2025-09-07,9243803407.0
2025-09-08,14326003174.0
2025-09-09,15465051054.0
2025-09-10,16169527051.0
2025-09-11,16385493726.35
2025-09-12,17812920538.0
2025-09-13,15066401042.0
2025-09-14,15757296509.0
2025-09-15,19725287886.0
2025-09-16,16763369803.0
2025-09-17,19769558229.0
2025-09-18,17885315786.0
2025-09-19,16139973173.0
2025-09-20,14519156124.0
2025-09-21,16148401426.0
2025-09-22,22927611981.0
2025-09-23,20683958091.0
2025-09-24,19876740086.0
2025-09-25,29801483429.0
2025-09-26,21490722483.0
2025-09-27,14011320096.0
2025-09-28,13298377368.0
2025-09-29,16700244163.0
2025-09-30,16873546396.0
2025-10-01,17754558648.0
2025-10-02,19740199110.0
2025-10-03,20238675089.0
2025-10-04,13620494626.0
2025-10-05,16826052002.0
2025-10-06,19977601654.0
2025-10-07,24598175187.0
2025-10-08,23026782995.0
2025-10-09,22656650087.0
2025-10-10,34449116488.0
2025-10-11,26134933932.0
2025-10-12,23039173871.0
2025-10-13,22599738072.0
2025-10-14,25163836316.0
2025-10-15,20859934362.0
2025-10-16,21122145594.0
2025-10-17,20426175568.0
2025-10-18,12685145313.0
2025-10-19,14006001954.0
2025-10-20,14743953157.0
2025-10-21,17695024784.0
2025-10-22,17402537985.0
2025-10-23,16312414679.0
2025-10-24,15476859691.0
2025-10-25,11178159698.0
2025-10-26,12057697787.0
2025-10-27,17402545797.0
2025-10-28,16207699816.0
2025-10-29,16903216853.0
2025-10-30,18513398972.0
2025-10-31,15395062613.0
2025-11-01,10765580865.0
2025-11-02,10759958310.0
2025-11-03,18983002201.12
2025-11-04,25273154039.0
2025-11-05,17713670066.0
2025-11-06,17500360502.0
2025-11-07,19860773787.0
2025-11-08,12984026549.0
2025-11-09,15570657450.0
2025-11-10,15707692028.0
2025-11-11,15213133475.0
2025-11-12,15219063982.0
2025-11-13,16039834276.04
2025-11-14,15590481338.0
2025-11-15,11172513336.0
2025-11-16,11555717951.0
2025-11-17,13907709276.0
2025-11-18,13730176832.0
2025-11-19,12904425460.0
2025-11-20,14289992273.0
2025-11-21,18336592654.0
2025-11-22,9473225549.0
2025-11-23,9605589244.0
2025-11-24,10921069232.0
2025-11-25,10682111500.0
2025-11-26,11073289633.0
2025-11-27,11839754273.78
2025-11-28,11408381380.0
2025-11-29,8881412536.0
2025-11-30,8749241613.0
2025-12-01,13801310232.0
2025-12-02,12359018799.0
2025-12-03,12233926812.0
2025-12-04,11638040325.0
2025-12-05,11420724581.78
2025-12-06,8181342374.0
2025-12-07,10230127750.0
2025-12-08,11263188054.0
2025-12-09,13957684343.0
2025-12-10,12234120515.0
2025-12-11,12583728940.0
2025-12-12,11249692587.0
2025-12-13,7395279199.0
2025-12-14,7820288129.0
2025-12-15,12575427869.0
2025-12-16,11121929327.0
2025-12-17,11600163839.0
2025-12-18,12559038508.0
2025-12-19,11655022597.0
2025-12-20,7526929074.0
2025-12-21,8264380835.0
2025-12-22,11216612782.0
2025-12-23,10803122814.0
2025-12-24,9076821131.0
2025-12-25,8647603151.0
2025-12-26,9500724008.0
2025-12-27,7347203741.0
2025-12-28,7197336942.0
2025-12-29,11594162743.0
2025-12-30,11368790197.0
2025-12-31,10556491979.0
2026-01-01,7480045785.0
2026-01-02,10926425714.08
2026-01-03,8971294412.0
2026-01-04,9370752983.0
2026-01-05,13078849831.84
2026-01-06,14070114318.0
2026-01-07,12410077170.0
2026-01-08,10380441832.0
2026-01-09,9669401582.0
2026-01-10,6125177819.0
2026-01-11,8043083260.0
2026-01-12,10761517943.0
2026-01-13,12558751534.0
2026-01-14,14524431856.0
2026-01-15,13380125858.0
2026-01-16,11678984623.0
2026-01-17,8428891097.0
2026-01-18,8816360693.0
2026-01-19,12078425462.0
2026-01-20,16242975785.0
2026-01-21,17578493622.0
2026-01-22,13610927274.0
2026-01-23,12731482498.3
2026-01-24,8949742338.0
2026-01-25,10822356083.0
2026-01-26,12262089385.0
2026-01-27,12541868767.0
2026-01-28,12727268116.0
2026-01-29,12498142085.6
2026-01-30,16156752551.0
2026-01-31,18659117190.0
2026-02-01,14892062591.0
2026-02-02,16487007860.0
2026-02-03,16175802619.0
2026-02-04,16174666320.7
2026-02-05,22106917301.0
2026-02-06,19632622161.0
2026-02-07,13606751589.0
2026-02-08,9825447023.0
2026-02-09,11236344054.0
2026-02-10,10124388788.0
2026-02-11,11287373556.53
2026-02-12,9833142704.0
2026-02-13,10321557887.0
2026-02-14,7396000268.0
2026-02-15,9190585133.0
2026-02-16,9047534461.0
2026-02-17,8190252518.0
2026-02-18,8440596723.0
2026-02-19,8701293113.0
2026-02-20,8419072213.0
2026-02-21,5477258984.0
2026-02-22,5638947365.0
2026-02-23,9068165345.0
2026-02-24,8680444406.0
2026-02-25,9548113219.0
2026-02-26,8368961091.0
2026-02-27,8200182337.0
2026-02-28,9389052509.0
2026-03-01,8770776259.0
2026-03-02,10310327787.0
2026-03-03,9372503774.0
2026-03-04,10583233752.0
2026-03-05,8896036935.0
2026-03-06,7976784749.0
2026-03-07,5192124393.0
2026-03-08,6290555488.0
2026-03-09,9147309914.0
2026-03-10,9173554796.0
2026-03-11,7688660579.2
2026-03-12,8478865659.4
2026-03-13,9666059952.0
2026-03-14,5166768844.0
2026-03-15,6455436362.0
2026-03-16,9402431782.0
2026-03-17,8389896917.0
2026-03-18,9747311598.0
2026-03-19,8148152450.0
2026-03-20,7563726863.0
2026-03-21,4900052422.0
2026-03-22,7654490280.0
2026-03-23,10349571454.0
2026-03-24,7183298426.0
2026-03-25,6690221960.0
2026-03-26,6585692956.0
2026-03-27,7007140722.0
2026-03-28,4777731609.98
2026-03-29,4976601060.0
2026-03-30,7211869889.0
2026-03-31,7750257597.91
2026-04-01,9130428877.0
2026-04-02,6856300563.0
2026-04-03,5189402803.0
2026-04-04,3950115828.0
2026-04-05,4407586587.06
2026-04-06,7085850613.0
2026-04-07,7522972769.0
2026-04-08,7715175798.0
2026-04-09,6807001336.0
2026-04-10,6246621709.0
2026-04-11,4923768550.0
2026-04-12,5206337123.0
2026-04-13,7501752732.0
2026-04-14,8254266466.0
2026-04-15,6407883211.0
2026-04-16,7355470993.0
2026-04-17,8315890930.0
2026-04-18,6397661010.0
2026-04-19,9156219098.0
2026-04-20,8152054633.06
2026-04-21,8979297662.0
2026-04-22,9040929714.0
2026-04-23,7684022622.0
2026-04-24,6082339970.0
2026-04-25,4400313621.0
2026-04-26,4990507909.0
2026-04-27,6529748208.0
2026-04-28,6989156186.0
2026-04-29,6764245924.0
2026-04-30,5857574305.29
2026-05-01,5603794635.79
2026-05-02,3874491739.0
2026-05-03,4262725969.0
2026-05-04,7892412331.0
2026-05-05,6508082357.0
2026-05-06,7086760379.77
2026-05-07,7109175694.55
2026-05-08,7866596648.43
2026-05-09,5702487054.35
2026-05-10,6514537983.16
2026-05-11,7354479565.0
2026-05-12,7071132486.04
2026-05-13,6983991939.0
2026-05-14,7810982060.0
2026-05-15,7486833224.81
2026-05-16,5213291084.01
2026-05-17,4675445757.73
2026-05-18,7033872613.01
2026-05-19,5875833228.64
2026-05-20,6451389527.08
2026-05-21,6887732177.67
2026-05-22,6737423267.43
2026-05-23,6181337964.629999
2026-05-24,5336030213.7
2026-05-25,5881252745.46
2026-05-26,8457227452.690001
2026-05-27,6567335249.5
2026-05-28,7449791700.0
2026-05-29,6858475147.66
2026-05-30,5046276098.04
2026-05-31,5534714214.0
2026-06-01,8871915176.0
2026-06-02,9698337471.47
2026-06-03,9793934789.0
2026-06-04,12716181859.0
2026-06-05,13480608789.0
2026-06-06,7389851317.01
2026-06-07,6308098960.0
2026-06-08,7516173894.0
2026-06-09,7036214075.05
2026-06-10,6808661359.0
2026-06-11,6465732272.26
2026-06-12,6315256374.919999
2026-06-13,4167379348.79
2026-06-14,5044982518.75
2026-06-15,7744307535.0
2026-06-16,6997966731.0
2026-06-17,7828991620.0
2026-06-18,7550468388.23
2026-06-19,5392443039.0
2026-06-20,5349047527.43
2026-06-21,4828274871.02
2026-06-22,6634521692.15
2026-06-23,6920383181.0
2026-06-24,8611063274.99
2026-06-25,8785629488.0
2026-06-26,8146388273.030001
2026-06-27,4116128708.2
2026-06-28,4791066684.12
2026-06-29,7485107251.700001
2026-06-30,6866842790.02
2026-07-01,7347252773.34
2026-07-02,6869627541.0
2026-07-03,5691006709.63
2026-07-04,5449253834.0
2026-07-05,5120283455.91
2026-07-06,6974909272.0
2026-07-07,7353104869.0
2026-07-08,7874251291.75
2026-07-09,6413096361.0
2026-07-10,6398393884.0
2026-07-11,5271376450.44
2026-07-12,5691618692.0
2026-07-13,7735482250.77
2026-07-14,7894420355.0
2026-07-15,7523981043.79
2026-07-16,6474854409.48
2026-07-17,6433529543.0
2026-07-18,4675473957.51
2026-07-19,5412985836.95
2026-07-20,7483535030.169999
2026-07-21,6217162695.89
2026-07-22,6489195599.02
2026-07-23,6226001502.01
2026-07-24,6503707881.26
2026-07-25,4536718074.540001
2026-07-26,5382770759.819999
2026-07-27,7686680126.710002
2026-07-28,7236611077.79
2026-07-29,8138294251.139999
2026-07-30,7040434499.930002
2026-07-31,7225221243.340001
2026-08-01,5074000436.010006
2026-08-02,5816856963.74
2026-08-03,6579295811.45
2026-08-04,6796528289.620001
2026-08-05,7286318126.309998
2026-08-06,7118546643.22
2026-08-07,6535827240.0199995
2026-08-08,4355593021.110001
2026-08-09,4358518712.02
2026-08-10,6195854577.810002
2026-08-11,5572088014.939998
2026-08-12,5876353077.110003
2026-08-13,6125184621.520001
2026-08-14,5485801105.6
2026-08-15,3943927547.2400007
2026-08-16,3912193411.040001
